TAE_W4-17_1,-1,W4-17_acetaldehyde,2,W4-17_c,1,W4-17_o,4,W4-17_h,1.080223551,,
TAE_W4-17_2,-1,W4-17_acetic,2,W4-17_c,2,W4-17_o,4,W4-17_h,1.281208716,,
TAE_W4-17_3,-1,W4-17_alcl,1,W4-17_al,1,W4-17_cl,0.195407556,,,,
TAE_W4-17_4,-1,W4-17_alcl3,1,W4-17_al,3,W4-17_cl,0.49822393,,,,
TAE_W4-17_5,-1,W4-17_alf,1,W4-17_al,1,W4-17_f,0.261016177,,,,
TAE_W4-17_6,-1,W4-17_alf3,1,W4-17_al,3,W4-17_f,0.686778994,,,,
TAE_W4-17_7,-1,W4-17_alh,1,W4-17_al,1,W4-17_h,0.117257282,,,,
TAE_W4-17_8,-1,W4-17_alh3,1,W4-17_al,3,W4-17_h,0.339708275,,,,
TAE_W4-17_9,-1,W4-17_allene,3,W4-17_c,4,W4-17_h,1.122007812,,,,
TAE_W4-17_10,-1,W4-17_allyl,3,W4-17_c,5,W4-17_h,1.222062154,,,,
TAE_W4-17_11,-1,W4-17_b2,2,W4-17_b,0.10752037,,,,,,
TAE_W4-17_12,-1,W4-17_b2h6,2,W4-17_b,6,W4-17_h,0.967348675,,,,
TAE_W4-17_13,-1,W4-17_be2,2,W4-17_be,0.004253325,,,,,,
TAE_W4-17_14,-1,W4-17_becl2,1,W4-17_be,2,W4-17_cl,0.358997241,,,,
TAE_W4-17_15,-1,W4-17_bef2,1,W4-17_be,2,W4-17_f,0.492580983,,,,
TAE_W4-17_16,-1,W4-17_benzene,6,W4-17_c,6,W4-17_h,2.181323296,,,,
TAE_W4-17_17,-1,W4-17_beta-lactim,3,W4-17_c,5,W4-17_h,1,W4-17_o,1,W4-17_n,1.583825889
TAE_W4-17_18,-1,W4-17_bf,1,W4-17_b,1,W4-17_f,0.29088029,,,,
TAE_W4-17_19,-1,W4-17_bf3,1,W4-17_b,3,W4-17_f,0.7505231,,,,
TAE_W4-17_20,-1,W4-17_bh,1,W4-17_b,1,W4-17_h,0.135424352,,,,
TAE_W4-17_21,-1,W4-17_bh3,1,W4-17_b,3,W4-17_h,0.448248551,,,,
TAE_W4-17_22,-1,W4-17_bhf2,1,W4-17_b,1,W4-17_h,2,W4-17_f,0.654906942,,
TAE_W4-17_23,-1,W4-17_bn,1,W4-17_b,1,W4-17_n,0.167710742,,,,
TAE_W4-17_24,-1,W4-17_bn3pi,1,W4-17_b,1,W4-17_n,0.168619096,,,,
TAE_W4-17_25,-1,W4-17_borole,4,W4-17_c,5,W4-17_h,1,W4-17_b,1.685504112,,
TAE_W4-17_26,-1,W4-17_c-hcoh,1,W4-17_c,1,W4-17_o,2,W4-17_h,0.506191943,,
TAE_W4-17_27,-1,W4-17_c-hono,1,W4-17_h,1,W4-17_n,2,W4-17_o,0.497474937,,
TAE_W4-17_28,-1,W4-17_c-hooo,1,W4-17_h,3,W4-17_o,0.371420968,,,,
TAE_W4-17_29,-1,W4-17_c-n2h2,2,W4-17_h,2,W4-17_n,0.463865857,,,,
TAE_W4-17_30,-1,W4-17_c2,2,W4-17_c,0.234307396,,,,,,
TAE_W4-17_31,-1,W4-17_c2cl2,2,W4-17_c,2,W4-17_cl,0.558694776,,,,
TAE_W4-17_32,-1,W4-17_c2cl4,2,W4-17_c,4,W4-17_cl,0.751797982,,,,
TAE_W4-17_33,-1,W4-17_c2cl6,2,W4-17_c,6,W4-17_cl,0.894497131,,,,
TAE_W4-17_34,-1,W4-17_c2clh,2,W4-17_c,1,W4-17_h,1,W4-17_cl,0.603204097,,
TAE_W4-17_35,-1,W4-17_c2clh3,2,W4-17_c,3,W4-17_h,1,W4-17_cl,0.867425009,,
TAE_W4-17_36,-1,W4-17_c2clh5,2,W4-17_c,5,W4-17_h,1,W4-17_cl,1.104227987,,
TAE_W4-17_37,-1,W4-17_c2f4,2,W4-17_c,4,W4-17_f,0.940330736,,,,
TAE_W4-17_38,-1,W4-17_c2f6,2,W4-17_c,6,W4-17_f,1.26204405,,,,
TAE_W4-17_39,-1,W4-17_c2h2,2,W4-17_c,2,W4-17_h,0.646269615,,,,
TAE_W4-17_40,-1,W4-17_c2h3f,2,W4-17_c,1,W4-17_f,3,W4-17_h,0.914520748,,
TAE_W4-17_41,-1,W4-17_c2h4,2,W4-17_c,4,W4-17_h,0.89895125,,,,
TAE_W4-17_42,-1,W4-17_c2h5f,2,W4-17_c,5,W4-17_h,1,W4-17_f,1.149752434,,
TAE_W4-17_43,-1,W4-17_c2h6,2,W4-17_c,6,W4-17_h,1.136302428,,,,
TAE_W4-17_44,-1,W4-17_cch,2,W4-17_c,1,W4-17_h,0.424169215,,,,
TAE_W4-17_45,-1,W4-17_ccl2,1,W4-17_c,2,W4-17_cl,0.28257762,,,,
TAE_W4-17_46,-1,W4-17_ccl2h2,1,W4-17_c,2,W4-17_cl,2,W4-17_h,0.592343695,,
TAE_W4-17_47,-1,W4-17_ccl2o,1,W4-17_c,2,W4-17_cl,1,W4-17_o,0.553115573,,
TAE_W4-17_48,-1,W4-17_ccl3h,1,W4-17_c,3,W4-17_cl,1,W4-17_h,0.55045585,,
TAE_W4-17_49,-1,W4-17_ccl4,1,W4-17_c,4,W4-17_cl,0.502652552,,,,
TAE_W4-17_50,-1,W4-17_cclh3,1,W4-17_c,1,W4-17_cl,3,W4-17_h,0.631139952,,
TAE_W4-17_51,-1,W4-17_cf,1,W4-17_c,1,W4-17_f,0.211487,,,,
TAE_W4-17_52,-1,W4-17_cf2,1,W4-17_c,2,W4-17_f,0.412376556,,,,
TAE_W4-17_53,-1,W4-17_cf2cl2,1,W4-17_c,2,W4-17_cl,2,W4-17_f,0.625069919,,
TAE_W4-17_54,-1,W4-17_cf4,1,W4-17_c,4,W4-17_f,0.762921329,,,,
TAE_W4-17_55,-1,W4-17_ch,1,W4-17_c,1,W4-17_h,0.134213214,,,,
TAE_W4-17_56,-1,W4-17_ch2-sing,1,W4-17_c,2,W4-17_h,0.289143263,,,,
TAE_W4-17_57,-1,W4-17_ch2-trip,1,W4-17_c,2,W4-17_h,0.303963768,,,,
TAE_W4-17_58,-1,W4-17_ch2c,2,W4-17_c,2,W4-17_h,0.573569463,,,,
TAE_W4-17_59,-1,W4-17_ch2ch,2,W4-17_c,3,W4-17_h,0.710874266,,,,
TAE_W4-17_60,-1,W4-17_ch2clf,1,W4-17_c,1,W4-17_cl,1,W4-17_f,2,W4-17_h,0.641963701
TAE_W4-17_61,-1,W4-17_ch2f2,1,W4-17_c,2,W4-17_f,2,W4-17_h,0.697894373,,
TAE_W4-17_62,-1,W4-17_ch2nh,1,W4-17_c,1,W4-17_n,3,W4-17_h,0.700308681,,
TAE_W4-17_63,-1,W4-17_ch2nh2,1,W4-17_c,1,W4-17_n,4,W4-17_h,0.768498938,,
TAE_W4-17_64,-1,W4-17_ch3,1,W4-17_c,3,W4-17_h,0.490622445,,,,
TAE_W4-17_65,-1,W4-17_ch3f,1,W4-17_c,1,W4-17_f,3,W4-17_h,0.674030173,,
TAE_W4-17_66,-1,W4-17_ch3nh,1,W4-17_c,1,W4-17_n,4,W4-17_h,0.756323814,,
TAE_W4-17_67,-1,W4-17_ch3nh2,1,W4-17_c,1,W4-17_n,5,W4-17_h,0.927891074,,
TAE_W4-17_68,-1,W4-17_ch3ph2,1,W4-17_c,5,W4-17_h,1,W4-17_p,0.859434685,,
TAE_W4-17_69,-1,W4-17_ch4,1,W4-17_c,4,W4-17_h,0.670014295,,,,
TAE_W4-17_70,-1,W4-17_chf3,1,W4-17_c,1,W4-17_h,3,W4-17_f,0.732362404,,
TAE_W4-17_71,-1,W4-17_cis-c2f2cl2,2,W4-17_c,2,W4-17_cl,2,W4-17_f,0.843046076,,
TAE_W4-17_72,-1,W4-17_cl2,2,W4-17_cl,0.095217758,,,,,,
TAE_W4-17_73,-1,W4-17_cl2o,2,W4-17_cl,1,W4-17_o,0.161639116,,,,
TAE_W4-17_74,-1,W4-17_clcn,1,W4-17_cl,1,W4-17_c,1,W4-17_n,0.454846066,,
TAE_W4-17_75,-1,W4-17_clcof,1,W4-17_c,1,W4-17_cl,1,W4-17_f,1,W4-17_o,0.610952194
TAE_W4-17_76,-1,W4-17_clf,1,W4-17_cl,1,W4-17_f,0.100078246,,,,
TAE_W4-17_77,-1,W4-17_clf3,3,W4-17_f,1,W4-17_cl,0.204852839,,,,
TAE_W4-17_78,-1,W4-17_clf5,5,W4-17_f,1,W4-17_cl,0.297675412,,,,
TAE_W4-17_79,-1,W4-17_clno,1,W4-17_cl,1,W4-17_n,1,W4-17_o,0.305904776,,
TAE_W4-17_80,-1,W4-17_clo,1,W4-17_cl,1,W4-17_o,0.104285357,,,,
TAE_W4-17_81,-1,W4-17_clo3,3,W4-17_o,1,W4-17_cl,0.270651098,,,,
TAE_W4-17_82,-1,W4-17_cloo,1,W4-17_cl,2,W4-17_o,0.201335758,,,,
TAE_W4-17_83,-1,W4-17_cloocl,2,W4-17_o,2,W4-17_cl,0.237645994,,,,
TAE_W4-17_84,-1,W4-17_cn,1,W4-17_c,1,W4-17_n,0.289015775,,,,
TAE_W4-17_85,-1,W4-17_co,1,W4-17_c,1,W4-17_o,0.413906414,,,,
TAE_W4-17_86,-1,W4-17_co2,1,W4-17_c,2,W4-17_o,0.621728135,,,,
TAE_W4-17_87,-1,W4-17_cs,1,W4-17_c,1,W4-17_s,0.274434311,,,,
TAE_W4-17_88,-1,W4-17_cs2,1,W4-17_c,2,W4-17_s,0.447419878,,,,
TAE_W4-17_89,-1,W4-17_cyclobutadiene,4,W4-17_c,4,W4-17_h,1.308089605,,,,
TAE_W4-17_90,-1,W4-17_cyclobutane,4,W4-17_c,8,W4-17_h,1.833274104,,,,
TAE_W4-17_91,-1,W4-17_cyclobutene,4,W4-17_c,6,W4-17_h,1.596059977,,,,
TAE_W4-17_92,-1,W4-17_cyclopentadiene,5,W4-17_c,6,W4-17_h,1.883480556,,,,
TAE_W4-17_93,-1,W4-17_cyclopropane,3,W4-17_c,6,W4-17_h,1.360885661,,,,
TAE_W4-17_94,-1,W4-17_cyclopropene,3,W4-17_c,4,W4-17_h,1.086741385,,,,
TAE_W4-17_95,-1,W4-17_cyclopropyl,3,W4-17_c,5,W4-17_h,1.175629354,,,,
TAE_W4-17_96,-1,W4-17_dioxetan2one,2,W4-17_c,2,W4-17_h,3,W4-17_o,1.200169241,,
TAE_W4-17_97,-1,W4-17_dioxetane,2,W4-17_c,4,W4-17_h,2,W4-17_o,1.195205168,,
TAE_W4-17_98,-1,W4-17_dioxirane,1,W4-17_c,2,W4-17_o,2,W4-17_h,0.653393019,,
TAE_W4-17_99,-1,W4-17_dithiotane,2,W4-17_c,4,W4-17_h,2,W4-17_s,1.090647305,,
TAE_W4-17_100,-1,W4-17_ethanol,2,W4-17_c,1,W4-17_o,6,W4-17_h,1.292730463,,
TAE_W4-17_101,-1,W4-17_f2,2,W4-17_f,0.062230183,,,,,,
TAE_W4-17_102,-1,W4-17_f2co,1,W4-17_c,1,W4-17_o,2,W4-17_f,0.670285207,,
TAE_W4-17_103,-1,W4-17_f2o,2,W4-17_f,1,W4-17_o,0.149448056,,,,
TAE_W4-17_104,-1,W4-17_fccf,2,W4-17_c,2,W4-17_f,0.615226236,,,,
TAE_W4-17_105,-1,W4-17_fno,1,W4-17_f,1,W4-17_n,1,W4-17_o,0.343305036,,
TAE_W4-17_106,-1,W4-17_fo2,1,W4-17_f,2,W4-17_o,0.21464234,,,,
TAE_W4-17_107,-1,W4-17_foof,2,W4-17_f,2,W4-17_o,0.242769426,,,,
TAE_W4-17_108,-1,W4-17_formamide,1,W4-17_c,3,W4-17_h,1,W4-17_o,1,W4-17_n,0.905405341
TAE_W4-17_109,-1,W4-17_formic,1,W4-17_c,2,W4-17_o,2,W4-17_h,0.799781358,,
TAE_W4-17_110,-1,W4-17_formic-anhydride,2,W4-17_c,2,W4-17_h,3,W4-17_o,1.206368355,,
TAE_W4-17_111,-1,W4-17_furan,4,W4-17_c,4,W4-17_h,1,W4-17_o,1.585833829,,
TAE_W4-17_112,-1,W4-17_glyoxal,2,W4-17_c,2,W4-17_o,2,W4-17_h,1.012017358,,
TAE_W4-17_113,-1,W4-17_h2,2,W4-17_h,0.174499489,,,,,,
TAE_W4-17_114,-1,W4-17_h2ccn,2,W4-17_c,2,W4-17_h,1,W4-17_n,0.816966769,,
TAE_W4-17_115,-1,W4-17_h2cn,2,W4-17_h,1,W4-17_c,1,W4-17_n,0.547737164,,
TAE_W4-17_116,-1,W4-17_h2co,2,W4-17_h,1,W4-17_c,1,W4-17_o,0.59704323,,
TAE_W4-17_117,-1,W4-17_h2no,2,W4-17_h,1,W4-17_n,1,W4-17_o,0.438192918,,
TAE_W4-17_118,-1,W4-17_h2o,2,W4-17_h,1,W4-17_o,0.371277543,,,,
TAE_W4-17_119,-1,W4-17_h2s,2,W4-17_h,1,W4-17_s,0.293079462,,,,
TAE_W4-17_120,-1,W4-17_hccf,2,W4-17_c,1,W4-17_f,1,W4-17_h,0.634970973,,
TAE_W4-17_121,-1,W4-17_hcl,1,W4-17_h,1,W4-17_cl,0.171296348,,,,
TAE_W4-17_122,-1,W4-17_hclo4,1,W4-17_h,1,W4-17_cl,4,W4-17_o,0.534513449,,
TAE_W4-17_123,-1,W4-17_hcn,1,W4-17_h,1,W4-17_c,1,W4-17_n,0.49946694,,
TAE_W4-17_124,-1,W4-17_hcnh,1,W4-17_c,1,W4-17_n,2,W4-17_h,0.535785144,,
TAE_W4-17_125,-1,W4-17_hcno,1,W4-17_c,1,W4-17_o,1,W4-17_n,1,W4-17_h,0.58152154
TAE_W4-17_126,-1,W4-17_hco,1,W4-17_h,1,W4-17_c,1,W4-17_o,0.445300386,,
TAE_W4-17_127,-1,W4-17_hcof,1,W4-17_c,1,W4-17_o,1,W4-17_f,1,W4-17_h,0.643369258
TAE_W4-17_128,-1,W4-17_hf,1,W4-17_h,1,W4-17_f,0.225717878,,,,
TAE_W4-17_129,-1,W4-17_hnc,1,W4-17_h,1,W4-17_c,1,W4-17_n,0.475180436,,
TAE_W4-17_130,-1,W4-17_hnco,1,W4-17_c,1,W4-17_o,1,W4-17_n,1,W4-17_h,0.692707196
TAE_W4-17_131,-1,W4-17_hnnn,1,W4-17_h,3,W4-17_n,0.528629868,,,,
TAE_W4-17_132,-1,W4-17_hno,1,W4-17_h,1,W4-17_n,1,W4-17_o,0.328122784,,
TAE_W4-17_133,-1,W4-17_hocl,1,W4-17_h,1,W4-17_o,1,W4-17_cl,0.264904567,,
TAE_W4-17_134,-1,W4-17_hoclo,1,W4-17_h,2,W4-17_o,1,W4-17_cl,0.32555549,,
TAE_W4-17_135,-1,W4-17_hoclo2,1,W4-17_h,3,W4-17_o,1,W4-17_cl,0.435335589,,
TAE_W4-17_136,-1,W4-17_hocn,1,W4-17_c,1,W4-17_o,1,W4-17_n,1,W4-17_h,0.653408955
TAE_W4-17_137,-1,W4-17_hof,1,W4-17_h,1,W4-17_o,1,W4-17_f,0.252840995,,
TAE_W4-17_138,-1,W4-17_honc,1,W4-17_c,1,W4-17_o,1,W4-17_n,1,W4-17_h,0.557936221
TAE_W4-17_139,-1,W4-17_hoo,1,W4-17_h,2,W4-17_o,0.279741008,,,,
TAE_W4-17_140,-1,W4-17_hooh,2,W4-17_h,2,W4-17_o,0.428806599,,,,
TAE_W4-17_141,-1,W4-17_hs,1,W4-17_h,1,W4-17_s,0.13980676,,,,
TAE_W4-17_142,-1,W4-17_ketene,2,W4-17_c,1,W4-17_o,2,W4-17_h,0.850091393,,
TAE_W4-17_143,-1,W4-17_methanol,1,W4-17_c,1,W4-17_o,4,W4-17_h,0.818267148,,
TAE_W4-17_144,-1,W4-17_n-butane,4,W4-17_c,10,W4-17_h,2.075874609,,,,
TAE_W4-17_145,-1,W4-17_n-pentane,5,W4-17_c,12,W4-17_h,2.545475842,,,,
TAE_W4-17_146,-1,W4-17_n2,2,W4-17_n,0.364106332,,,,,,
TAE_W4-17_147,-1,W4-17_n2h,2,W4-17_n,1,W4-17_h,0.358273746,,,,
TAE_W4-17_148,-1,W4-17_n2h4,4,W4-17_h,2,W4-17_n,0.698380422,,,,
TAE_W4-17_149,-1,W4-17_n2o,2,W4-17_n,1,W4-17_o,0.431627275,,,,
TAE_W4-17_150,-1,W4-17_n2o4,2,W4-17_n,4,W4-17_o,0.751654558,,,,
TAE_W4-17_151,-1,W4-17_nccn,2,W4-17_n,2,W4-17_c,0.799924782,,,,
TAE_W4-17_152,-1,W4-17_nh,1,W4-17_n,1,W4-17_h,0.132412443,,,,
TAE_W4-17_153,-1,W4-17_nh2,1,W4-17_n,2,W4-17_h,0.29095997,,,,
TAE_W4-17_154,-1,W4-17_nh2cl,1,W4-17_n,1,W4-17_cl,2,W4-17_h,0.395277199,,
TAE_W4-17_155,-1,W4-17_nh2f,1,W4-17_n,2,W4-17_h,1,W4-17_f,0.408711269,,
TAE_W4-17_156,-1,W4-17_nh2oh,1,W4-17_n,3,W4-17_h,1,W4-17_o,0.573255523,,
TAE_W4-17_157,-1,W4-17_nh3,1,W4-17_n,3,W4-17_h,0.474909523,,,,
TAE_W4-17_158,-1,W4-17_no,1,W4-17_n,1,W4-17_o,0.243422803,,,,
TAE_W4-17_159,-1,W4-17_no2,1,W4-17_n,2,W4-17_o,0.363134234,,,,
TAE_W4-17_160,-1,W4-17_o2,2,W4-17_o,0.192539071,,,,,,
TAE_W4-17_161,-1,W4-17_o3,3,W4-17_o,0.234944837,,,,,,
TAE_W4-17_162,-1,W4-17_oclo,2,W4-17_o,1,W4-17_cl,0.204124562,,,,
TAE_W4-17_163,-1,W4-17_ocs,1,W4-17_o,1,W4-17_c,1,W4-17_s,0.535020215,,
TAE_W4-17_164,-1,W4-17_of,1,W4-17_o,1,W4-17_f,0.084572492,,,,
TAE_W4-17_165,-1,W4-17_oh,1,W4-17_o,1,W4-17_h,0.170834203,,,,
TAE_W4-17_166,-1,W4-17_oxadiazole,2,W4-17_c,2,W4-17_h,2,W4-17_n,1,W4-17_o,1.125193424
TAE_W4-17_167,-1,W4-17_oxetane,3,W4-17_c,6,W4-17_h,1,W4-17_o,1.510956815,,
TAE_W4-17_168,-1,W4-17_oxirane,2,W4-17_c,1,W4-17_o,4,W4-17_h,1.038216185,,
TAE_W4-17_169,-1,W4-17_oxirene,2,W4-17_c,1,W4-17_o,2,W4-17_h,0.726730613,,
TAE_W4-17_170,-1,W4-17_p2,2,W4-17_p,0.187423607,,,,,,
TAE_W4-17_171,-1,W4-17_p4,4,W4-17_p,0.46305312,,,,,,
TAE_W4-17_172,-1,W4-17_pf3,1,W4-17_p,3,W4-17_f,0.582619532,,,,
TAE_W4-17_173,-1,W4-17_pf5,1,W4-17_p,5,W4-17_f,0.894911467,,,,
TAE_W4-17_174,-1,W4-17_ph3,1,W4-17_p,3,W4-17_h,0.386082112,,,,
TAE_W4-17_175,-1,W4-17_propane,3,W4-17_c,8,W4-17_h,1.606176166,,,,
TAE_W4-17_176,-1,W4-17_propene,3,W4-17_c,6,W4-17_h,1.372968356,,,,
TAE_W4-17_177,-1,W4-17_propyne,3,W4-17_c,4,W4-17_h,1.124398216,,,,
TAE_W4-17_178,-1,W4-17_pyrrole,4,W4-17_c,5,W4-17_h,1,W4-17_n,1.709613727,,
TAE_W4-17_179,-1,W4-17_s2,2,W4-17_s,0.166133075,,,,,,
TAE_W4-17_180,-1,W4-17_s2o,2,W4-17_s,1,W4-17_o,0.332664551,,,,
TAE_W4-17_181,-1,W4-17_s3,3,W4-17_s,0.268283005,,,,,,
TAE_W4-17_182,-1,W4-17_s4-c2v,4,W4-17_s,0.373428907,,,,,,
TAE_W4-17_183,-1,W4-17_sf6,1,W4-17_s,6,W4-17_f,0.773574562,,,,
TAE_W4-17_184,-1,W4-17_si2h6,2,W4-17_si,6,W4-17_h,0.853979784,,,,
TAE_W4-17_185,-1,W4-17_sif,1,W4-17_si,1,W4-17_f,0.227438969,,,,
TAE_W4-17_186,-1,W4-17_sif4,1,W4-17_si,4,W4-17_f,0.920719862,,,,
TAE_W4-17_187,-1,W4-17_sih,1,W4-17_si,1,W4-17_h,0.117815043,,,,
TAE_W4-17_188,-1,W4-17_sih3f,1,W4-17_si,3,W4-17_h,1,W4-17_f,0.609935475,,
TAE_W4-17_189,-1,W4-17_sih4,1,W4-17_si,4,W4-17_h,0.517841178,,,,
TAE_W4-17_190,-1,W4-17_silole,4,W4-17_c,6,W4-17_h,1,W4-17_si,1.754405116,,
TAE_W4-17_191,-1,W4-17_sio,1,W4-17_si,1,W4-17_o,0.307629054,,,,
TAE_W4-17_192,-1,W4-17_so,1,W4-17_s,1,W4-17_o,0.201542926,,,,
TAE_W4-17_193,-1,W4-17_so2,1,W4-17_s,2,W4-17_o,0.415260976,,,,
TAE_W4-17_194,-1,W4-17_so3,1,W4-17_s,3,W4-17_o,0.55280482,,,,
TAE_W4-17_195,-1,W4-17_ssh,2,W4-17_s,1,W4-17_h,0.26316754,,,,
TAE_W4-17_196,-1,W4-17_t-butadiene,4,W4-17_c,6,W4-17_h,1.614429434,,,,
TAE_W4-17_197,-1,W4-17_t-hcoh,1,W4-17_c,1,W4-17_o,2,W4-17_h,0.513873108,,
TAE_W4-17_198,-1,W4-17_t-hono,1,W4-17_h,1,W4-17_n,2,W4-17_o,0.498176122,,
TAE_W4-17_199,-1,W4-17_t-hooo,1,W4-17_h,3,W4-17_o,0.371739688,,,,
TAE_W4-17_200,-1,W4-17_t-n2h2,2,W4-17_h,2,W4-17_n,0.472487247,,,,
TAE_W4-17_201,-1,W4-17_tetrahedrane,4,W4-17_c,4,W4-17_h,1.264506166,,,,
TAE_W4-17_202,-1,W4-17_thiophene,4,W4-17_c,4,W4-17_h,1,W4-17_s,1.537805832,,
TAE_W4-17_203,-1,W4-17_trans-c2f2cl2,2,W4-17_c,2,W4-17_f,2,W4-17_cl,0.843637302,,
BDE99_1,1,W4-17_foof,-1,W4-17_f,-1,W4-17_fo2,-0.028127064,,,,
BDE99_2,1,W4-17_foof,-2,W4-17_of,-0.073656255,,,,,,
BDE99_3,1,W4-17_oclo,-1,W4-17_o,-1,W4-17_clo,-0.099870998,,,,
BDE99_4,1,W4-17_cloo,-1,W4-17_clo,-1,W4-17_o,-0.097114068,,,,
BDE99_5,1,W4-17_cloo,-1,W4-17_cl,-1,W4-17_o2,-0.008860424,,,,
BDE99_6,1,W4-17_fo2,-1,W4-17_of,-1,W4-17_o,-0.130117552,,,,
BDE99_7,1,W4-17_fo2,-1,W4-17_f,-1,W4-17_o2,-0.022151059,,,,
BDE99_8,1,W4-17_cl2o,-1,W4-17_clo,-1,W4-17_cl,-0.057385585,,,,
BDE99_9,1,W4-17_f2o,-1,W4-17_of,-1,W4-17_f,-0.064859576,,,,
BDE99_10,1,W4-17_hocl,-1,W4-17_h,-1,W4-17_clo,-0.160603146,,,,
BDE99_11,1,W4-17_hocl,-1,W4-17_oh,-1,W4-17_cl,-0.094054353,,,,
BDE99_12,1,W4-17_hof,-1,W4-17_h,-1,W4-17_of,-0.168252433,,,,
BDE99_13,1,W4-17_hof,-1,W4-17_oh,-1,W4-17_f,-0.081990791,,,,
BDE99_14,1,W4-17_no2,-1,W4-17_no,-1,W4-17_o,-0.119743207,,,,
BDE99_15,1,W4-17_n2o,-1,W4-17_no,-1,W4-17_n,-0.188204322,,,,
BDE99_16,1,W4-17_n2o,-1,W4-17_n2,-1,W4-17_o,-0.067504954,,,,
BDE99_17,1,W4-17_t-hono,-1,W4-17_h,-1,W4-17_no2,-0.135089588,,,,
BDE99_18,1,W4-17_t-hono,-1,W4-17_oh,-1,W4-17_no,-0.083982792,,,,
BDE99_19,1,W4-17_hnc,-1,W4-17_h,-1,W4-17_cn,-0.18621232,,,,
BDE99_20,1,W4-17_hnc,-1,W4-17_nh,-1,W4-17_c,-0.342799591,,,,
BDE99_21,1,W4-17_honc,-1,W4-17_oh,-1,W4-17_cn,-0.098149908,,,,
BDE99_22,1,W4-17_hnco,-1,W4-17_nh,-1,W4-17_co,-0.146467902,,,,
BDE99_23,1,W4-17_hcno,-1,W4-17_ch,-1,W4-17_no,-0.203996912,,,,
BDE99_24,1,W4-17_hno,-1,W4-17_h,-1,W4-17_no,-0.084683977,,,,
BDE99_25,1,W4-17_hno,-1,W4-17_nh,-1,W4-17_o,-0.195678312,,,,
BDE99_26,1,W4-17_methanol,-1,W4-17_ch3,-1,W4-17_oh,-0.156842247,,,,
BDE99_27,1,W4-17_t-hcoh,-1,W4-17_ch,-1,W4-17_oh,-0.20884146,,,,
BDE99_28,1,W4-17_t-hcoh,-1,W4-17_hco,-1,W4-17_h,-0.068604539,,,,
BDE99_29,1,W4-17_formic,-1,W4-17_hco,-1,W4-17_oh,-0.18369443,,,,
BDE99_30,1,W4-17_ketene,-1,W4-17_ch2c,-1,W4-17_o,-0.276537646,,,,
BDE99_31,1,W4-17_ketene,-1,W4-17_ch2-trip,-1,W4-17_co,-0.132252978,,,,
BDE99_32,1,W4-17_glyoxal,-2,W4-17_hco,-0.121528041,,,,,,
BDE99_33,1,W4-17_acetaldehyde,-1,W4-17_ch3,-1,W4-17_hco,-0.144332476,,,,
BDE99_34,1,W4-17_f2co,-1,W4-17_cf2,-1,W4-17_o,-0.257924382,,,,
BDE99_35,1,W4-17_hcof,-1,W4-17_hco,-1,W4-17_f,-0.198116523,,,,
BDE99_36,1,W4-17_h2co,-1,W4-17_hco,-1,W4-17_h,-0.151774595,,,,
BDE99_37,1,W4-17_h2co,-1,W4-17_ch2-trip,-1,W4-17_o,-0.293079228,,,,
BDE99_38,1,W4-17_hco,-1,W4-17_h,-1,W4-17_co,-0.031378011,,,,
BDE99_39,1,W4-17_hco,-1,W4-17_ch,-1,W4-17_o,-0.311070988,,,,
BDE99_40,1,W4-17_cs2,-1,W4-17_cs,-1,W4-17_s,-0.173001365,,,,
BDE99_41,1,W4-17_co2,-1,W4-17_co,-1,W4-17_o,-0.207821555,,,,
BDE99_42,1,W4-17_ch2nh2,-1,W4-17_ch2-trip,-1,W4-17_nh2,-0.173606933,,,,
BDE99_43,1,W4-17_ch2nh2,-1,W4-17_ch2nh,-1,W4-17_h,-0.068253947,,,,
BDE99_44,1,W4-17_ch3nh,-1,W4-17_ch3,-1,W4-17_nh,-0.133320691,,,,
BDE99_45,1,W4-17_ch3nh,-1,W4-17_ch2nh,-1,W4-17_h,-0.056078832,,,,
BDE99_46,1,W4-17_ch3nh2,-1,W4-17_ch2nh2,-1,W4-17_h,-0.159407945,,,,
BDE99_47,1,W4-17_ch3nh2,-1,W4-17_ch3nh,-1,W4-17_h,-0.17158306,,,,
BDE99_48,1,W4-17_ch2nh,-1,W4-17_hcnh,-1,W4-17_h,-0.164443726,,,,
BDE99_49,1,W4-17_hcnh,-1,W4-17_nh,-1,W4-17_ch,-0.26920708,,,,
BDE99_50,1,W4-17_hcnh,-1,W4-17_hcn,-1,W4-17_h,-0.036381919,,,,
BDE99_51,1,W4-17_hcn,-1,W4-17_cn,-1,W4-17_h,-0.210466933,,,,
BDE99_52,1,W4-17_hcn,-1,W4-17_ch,-1,W4-17_n,-0.365253434,,,,
BDE99_53,1,W4-17_nccn,-2,W4-17_cn,-0.222052415,,,,,,
BDE99_54,1,W4-17_h2s,-1,W4-17_hs,-1,W4-17_h,-0.15327258,,,,
BDE99_55,1,W4-17_t-hooo,-1,W4-17_hoo,-1,W4-17_o,-0.092046415,,,,
BDE99_56,1,W4-17_t-hooo,-1,W4-17_oh,-1,W4-17_o2,-0.008398279,,,,
BDE99_57,1,W4-17_t-hooo,-1,W4-17_h,-1,W4-17_o3,-0.13684255,,,,
BDE99_58,1,W4-17_o3,-1,W4-17_o2,-1,W4-17_o,-0.042389796,,,,
BDE99_59,1,W4-17_hooh,-1,W4-17_hoo,-1,W4-17_h,-0.149097344,,,,
BDE99_60,1,W4-17_hooh,-2,W4-17_oh,-0.087122187,,,,,,
BDE99_61,1,W4-17_ssh,-1,W4-17_hs,-1,W4-17_s,-0.123344746,,,,
BDE99_62,1,W4-17_ssh,-1,W4-17_s2,-1,W4-17_h,-0.097018452,,,,
BDE99_63,1,W4-17_hoo,-1,W4-17_oh,-1,W4-17_o,-0.108890782,,,,
BDE99_64,1,W4-17_hoo,-1,W4-17_o2,-1,W4-17_h,-0.087185931,,,,
BDE99_65,1,W4-17_h2o,-1,W4-17_oh,-1,W4-17_h,-0.200427245,,,,
BDE99_66,1,W4-17_hnnn,-1,W4-17_n2,-1,W4-17_nh,-0.032190748,,,,
BDE99_67,1,W4-17_n2h4,-2,W4-17_nh2,-0.11649226,,,,,,
BDE99_68,1,W4-17_t-n2h2,-2,W4-17_nh,-0.207710003,,,,,,
BDE99_69,1,W4-17_n2h,-1,W4-17_nh,-1,W4-17_n,-0.225924866,,,,
BDE99_70,1,W4-17_nh2cl,-1,W4-17_nh2,-1,W4-17_cl,-0.104333082,,,,
BDE99_71,1,W4-17_nh3,-1,W4-17_nh2,-1,W4-17_h,-0.183949406,,,,
BDE99_72,1,W4-17_nh2,-1,W4-17_nh,-1,W4-17_h,-0.158563336,,,,
BDE99_73,1,W4-17_allene,-1,W4-17_ch2c,-1,W4-17_ch2-trip,-0.244490322,,,,
BDE99_74,1,W4-17_propyne,-1,W4-17_cch,-1,W4-17_ch3,-0.209670132,,,,
BDE99_75,1,W4-17_propene,-1,W4-17_ch2ch,-1,W4-17_ch3,-0.171519316,,,,
BDE99_76,1,W4-17_c2h3f,-1,W4-17_ch2ch,-1,W4-17_f,-0.203678191,,,,
BDE99_77,1,W4-17_c2h6,-2,W4-17_ch3,-0.155121158,,,,,,
BDE99_78,1,W4-17_c2h4,-2,W4-17_ch2-trip,-0.291007546,,,,,,
BDE99_79,1,W4-17_ch2ch,-1,W4-17_ch2c,-1,W4-17_h,-0.137288758,,,,
BDE99_80,1,W4-17_ch2ch,-1,W4-17_c2h2,-1,W4-17_h,-0.064636472,,,,
BDE99_81,1,W4-17_ch2c,-1,W4-17_ch2-trip,-1,W4-17_c,-0.269621416,,,,
BDE99_82,1,W4-17_hccf,-1,W4-17_cch,-1,W4-17_f,-0.210849397,,,,
BDE99_83,1,W4-17_hccf,-1,W4-17_ch,-1,W4-17_cf,-0.289286457,,,,
BDE99_84,1,W4-17_c2h2,-1,W4-17_cch,-1,W4-17_h,-0.222084287,,,,
BDE99_85,1,W4-17_c2h2,-2,W4-17_ch,-0.377811013,,,,,,
BDE99_86,1,W4-17_ch3f,-1,W4-17_ch3,-1,W4-17_f,-0.183407582,,,,
BDE99_87,1,W4-17_ch4,-1,W4-17_ch3,-1,W4-17_h,-0.179359834,,,,
BDE99_88,1,W4-17_ch3,-1,W4-17_ch2-trip,-1,W4-17_h,-0.186658529,,,,
BDE99_89,1,W4-17_ch2-trip,-1,W4-17_ch,-1,W4-17_h,-0.169750418,,,,
BDE99_90,1,W4-17_cf2,-1,W4-17_cf,-1,W4-17_f,-0.200889389,,,,
BDE99_91,1,W4-17_clcn,-1,W4-17_cn,-1,W4-17_cl,-0.165893903,,,,
BDE99_92,1,W4-17_b2h6,-2,W4-17_bh3,-0.070835581,,,,,,
BDE99_93,1,W4-17_s2o,-1,W4-17_s2,-1,W4-17_o,-0.166579151,,,,
BDE99_94,1,W4-17_s2o,-1,W4-17_s,-1,W4-17_so,-0.131185265,,,,
BDE99_95,1,W4-17_so3,-1,W4-17_so2,-1,W4-17_o,-0.13755967,,,,
BDE99_96,1,W4-17_so2,-1,W4-17_so,-1,W4-17_o,-0.21379756,,,,
BDE99_97,1,W4-17_s4-c2v,-1,W4-17_s3,-1,W4-17_s,-0.105145819,,,,
BDE99_98,1,W4-17_s4-c2v,-2,W4-17_s2,-0.041194595,,,,,,
BDE99_99,1,W4-17_p4,-2,W4-17_p2,-0.08826958,,,,,,
HAT707_1,1,W4-17_h,1,W4-17_ch3f,-1,W4-17_hf,-1,W4-17_ch3,0.042310116,,
HAT707_2,1,W4-17_h,1,W4-17_foof,-1,W4-17_hf,-1,W4-17_fo2,0.197590634,,
HAT707_3,1,W4-17_h,1,W4-17_foof,-1,W4-17_oh,-1,W4-17_f2o,0.077480899,,
HAT707_4,1,W4-17_h,1,W4-17_fo2,-1,W4-17_oh,-1,W4-17_of,0.040732451,,
HAT707_5,1,W4-17_h,1,W4-17_fo2,-1,W4-17_hf,-1,W4-17_o2,0.203566639,,
HAT707_6,1,W4-17_h,1,W4-17_oclo,-1,W4-17_oh,-1,W4-17_clo,0.070963069,,
HAT707_7,1,W4-17_h,1,W4-17_oclo,-1,W4-17_hcl,-1,W4-17_o2,0.159678857,,
HAT707_8,1,W4-17_h,1,W4-17_cl2o,-1,W4-17_hcl,-1,W4-17_clo,0.113926562,,
HAT707_9,1,W4-17_h,1,W4-17_cl2o,-1,W4-17_oh,-1,W4-17_cl2,0.10438089,,
HAT707_10,1,W4-17_h,1,W4-17_f2o,-1,W4-17_hf,-1,W4-17_of,0.160858122,,
HAT707_11,1,W4-17_h,1,W4-17_f2o,-1,W4-17_oh,-1,W4-17_f2,0.083616264,,
HAT707_12,1,W4-17_h,1,W4-17_hocl,-1,W4-17_oh,-1,W4-17_hcl,0.077257795,,
HAT707_13,1,W4-17_h,1,W4-17_hof,-1,W4-17_oh,-1,W4-17_hf,0.143726908,,
HAT707_14,1,W4-17_h,1,W4-17_clo,-1,W4-17_hcl,-1,W4-17_o,0.067010938,,
HAT707_15,1,W4-17_h,1,W4-17_clo,-1,W4-17_oh,-1,W4-17_cl,0.066548793,,
HAT707_16,1,W4-17_h,1,W4-17_of,-1,W4-17_hf,-1,W4-17_o,0.141129337,,
HAT707_17,1,W4-17_h,1,W4-17_of,-1,W4-17_oh,-1,W4-17_f,0.086261642,,
HAT707_18,1,W4-17_h,1,W4-17_no2,-1,W4-17_oh,-1,W4-17_no,0.051106796,,
HAT707_19,1,W4-17_h,1,W4-17_no2,-1,W4-17_nh,-1,W4-17_o2,-0.038182689,,
HAT707_20,1,W4-17_h,1,W4-17_n2o,-1,W4-17_oh,-1,W4-17_n2,0.103329113,,
HAT707_21,1,W4-17_h,1,W4-17_n2o,-1,W4-17_nh,-1,W4-17_no,-0.055791984,,
HAT707_22,1,W4-17_h,1,W4-17_t-hono,-1,W4-17_oh,-1,W4-17_hno,0.000717121,,
HAT707_23,1,W4-17_h,1,W4-17_t-hono,-1,W4-17_nh,-1,W4-17_hoo,-0.086086346,,
HAT707_24,1,W4-17_h,1,W4-17_hnco,-1,W4-17_nh,-1,W4-17_hco,-0.115089891,,
HAT707_25,1,W4-17_h,1,W4-17_hnco,-1,W4-17_ch,-1,W4-17_hno,-0.230482566,,
HAT707_26,1,W4-17_h,1,W4-17_hnco,-1,W4-17_oh,-1,W4-17_hcn,-0.022485715,,
HAT707_27,1,W4-17_h,1,W4-17_hno,-1,W4-17_nh,-1,W4-17_oh,-0.024844245,,
HAT707_28,1,W4-17_h,1,W4-17_no,-1,W4-17_nh,-1,W4-17_o,-0.110994336,,
HAT707_29,1,W4-17_h,1,W4-17_no,-1,W4-17_oh,-1,W4-17_n,-0.072572606,,
HAT707_30,1,W4-17_h,1,W4-17_oxirene,-1,W4-17_oh,-1,W4-17_c2h2,0.090293454,,
HAT707_31,1,W4-17_h,1,W4-17_oxirane,-1,W4-17_oh,-1,W4-17_c2h4,0.031521435,,
HAT707_32,1,W4-17_h,1,W4-17_methanol,-1,W4-17_oh,-1,W4-17_ch4,0.022517587,,
HAT707_33,1,W4-17_h,1,W4-17_t-hcoh,-1,W4-17_ch,-1,W4-17_h2o,-0.008414215,,
HAT707_34,1,W4-17_h,1,W4-17_t-hcoh,-1,W4-17_oh,-1,W4-17_ch2-trip,-0.039075106,,
HAT707_35,1,W4-17_h,1,W4-17_formic,-1,W4-17_oh,-1,W4-17_t-hcoh,-0.115073955,,
HAT707_36,1,W4-17_h,1,W4-17_formic,-1,W4-17_h2o,-1,W4-17_hco,0.016732814,,
HAT707_37,1,W4-17_h,1,W4-17_formic,-1,W4-17_ch,-1,W4-17_hooh,-0.236793228,,
HAT707_38,1,W4-17_h,1,W4-17_ketene,-1,W4-17_oh,-1,W4-17_ch2c,-0.105687643,,
HAT707_39,1,W4-17_h,1,W4-17_ketene,-1,W4-17_ch,-1,W4-17_h2co,-0.11885079,,
HAT707_40,1,W4-17_h,1,W4-17_glyoxal,-1,W4-17_oh,-1,W4-17_oxirene,-0.114452451,,
HAT707_41,1,W4-17_h,1,W4-17_glyoxal,-1,W4-17_ch,-1,W4-17_formic,-0.078054595,,
HAT707_42,1,W4-17_h,1,W4-17_acetaldehyde,-1,W4-17_ch,-1,W4-17_methanol,-0.127711214,,
HAT707_43,1,W4-17_h,1,W4-17_acetaldehyde,-1,W4-17_oh,-1,W4-17_c2h4,-0.010454025,,
HAT707_44,1,W4-17_h,1,W4-17_f2co,-1,W4-17_oh,-1,W4-17_cf2,-0.087090315,,
HAT707_45,1,W4-17_h,1,W4-17_f2co,-1,W4-17_ch,-1,W4-17_f2o,-0.386671437,,
HAT707_46,1,W4-17_h,1,W4-17_hcof,-1,W4-17_hf,-1,W4-17_hco,0.027601176,,
HAT707_47,1,W4-17_h,1,W4-17_h2co,-1,W4-17_oh,-1,W4-17_ch2-trip,-0.122245161,,
HAT707_48,1,W4-17_h,1,W4-17_h2co,-1,W4-17_ch,-1,W4-17_h2o,-0.091568335,,
HAT707_49,1,W4-17_h,1,W4-17_hco,-1,W4-17_oh,-1,W4-17_ch,-0.140220985,,
HAT707_50,1,W4-17_h,1,W4-17_cs2,-1,W4-17_hs,-1,W4-17_cs,-0.033194717,,
HAT707_51,1,W4-17_h,1,W4-17_cs2,-1,W4-17_ch,-1,W4-17_s2,-0.147105343,,
HAT707_52,1,W4-17_h,1,W4-17_ocs,-1,W4-17_oh,-1,W4-17_cs,-0.089751629,,
HAT707_53,1,W4-17_h,1,W4-17_ocs,-1,W4-17_ch,-1,W4-17_so,-0.199295788,,
HAT707_54,1,W4-17_h,1,W4-17_ocs,-1,W4-17_hs,-1,W4-17_co,0.018661072,,
HAT707_55,1,W4-17_h,1,W4-17_co2,-1,W4-17_oh,-1,W4-17_co,-0.036987488,,
HAT707_56,1,W4-17_h,1,W4-17_co2,-1,W4-17_ch,-1,W4-17_o2,-0.294975614,,
HAT707_57,1,W4-17_h,1,W4-17_cs,-1,W4-17_ch,-1,W4-17_s,-0.140236921,,
HAT707_58,1,W4-17_h,1,W4-17_cs,-1,W4-17_hs,-1,W4-17_c,-0.13464338,,
HAT707_59,1,W4-17_h,1,W4-17_sio,-1,W4-17_sih,-1,W4-17_o,-0.189845731,,
HAT707_60,1,W4-17_h,1,W4-17_sio,-1,W4-17_oh,-1,W4-17_si,-0.136794742,,
HAT707_61,1,W4-17_h,1,W4-17_co,-1,W4-17_ch,-1,W4-17_o,-0.279692977,,
HAT707_62,1,W4-17_h,1,W4-17_co,-1,W4-17_oh,-1,W4-17_c,-0.243056081,,
HAT707_63,1,W4-17_h,1,W4-17_hcn,-1,W4-17_nh,-1,W4-17_ch,-0.23282516,,
HAT707_64,1,W4-17_h,1,W4-17_cn,-1,W4-17_ch,-1,W4-17_n,-0.154786501,,
HAT707_65,1,W4-17_h,1,W4-17_cn,-1,W4-17_nh,-1,W4-17_c,-0.156571335,,
HAT707_66,1,W4-17_h,1,W4-17_h2s,-1,W4-17_hs,-1,W4-17_h2,0.021210834,,
HAT707_67,1,W4-17_h,1,W4-17_alcl,-1,W4-17_alh,-1,W4-17_cl,-0.078166147,,
HAT707_68,1,W4-17_h,1,W4-17_alcl,-1,W4-17_hcl,-1,W4-17_al,-0.024095253,,
HAT707_69,1,W4-17_h,1,W4-17_alf,-1,W4-17_alh,-1,W4-17_f,-0.14375878,,
HAT707_70,1,W4-17_h,1,W4-17_alf,-1,W4-17_hf,-1,W4-17_al,-0.035282334,,
HAT707_71,1,W4-17_h,1,W4-17_t-hooo,-1,W4-17_oh,-1,W4-17_hoo,0.078787652,,
HAT707_72,1,W4-17_h,1,W4-17_o3,-1,W4-17_oh,-1,W4-17_o2,0.128444271,,
HAT707_73,1,W4-17_h,1,W4-17_hooh,-1,W4-17_oh,-1,W4-17_h2o,0.113289122,,
HAT707_74,1,W4-17_h,1,W4-17_ssh,-2,W4-17_hs,0.016461902,,,,
HAT707_75,1,W4-17_h,1,W4-17_hoo,-2,W4-17_oh,0.061959221,,,,
HAT707_76,1,W4-17_h,1,W4-17_h2o,-1,W4-17_oh,-1,W4-17_h2,-0.025927894,,
HAT707_77,1,W4-17_h,1,W4-17_t-n2h2,-1,W4-17_nh,-1,W4-17_nh2,-0.049162602,,
HAT707_78,1,W4-17_h,1,W4-17_propyne,-1,W4-17_ch,-1,W4-17_c2h4,-0.091297423,,
HAT707_79,1,W4-17_h,1,W4-17_propene,-1,W4-17_ch,-1,W4-17_c2h6,-0.102436696,,
HAT707_80,1,W4-17_h,1,W4-17_c2h3f,-1,W4-17_hf,-1,W4-17_ch2ch,0.022039507,,
HAT707_81,1,W4-17_h,1,W4-17_c2h3f,-1,W4-17_ch,-1,W4-17_ch3f,-0.106309148,,
HAT707_82,1,W4-17_h,1,W4-17_c2h4,-1,W4-17_ch,-1,W4-17_ch4,-0.094755538,,
HAT707_83,1,W4-17_h,1,W4-17_ch2ch,-1,W4-17_ch,-1,W4-17_ch3,-0.086038538,,
HAT707_84,1,W4-17_h,1,W4-17_fccf,-1,W4-17_ch,-1,W4-17_cf2,-0.068652347,,
HAT707_85,1,W4-17_h,1,W4-17_hccf,-1,W4-17_hf,-1,W4-17_cch,0.014868301,,
HAT707_86,1,W4-17_h,1,W4-17_c2h2,-1,W4-17_ch,-1,W4-17_ch2-trip,-0.208060595,,
HAT707_87,1,W4-17_h,1,W4-17_ccl2,-1,W4-17_ch,-1,W4-17_cl2,-0.05321035,,
HAT707_88,1,W4-17_h,1,W4-17_cf2,-1,W4-17_ch,-1,W4-17_f2,-0.215964858,,
HAT707_89,1,W4-17_h,1,W4-17_cf2,-1,W4-17_hf,-1,W4-17_cf,0.024828309,,
HAT707_90,1,W4-17_h,1,W4-17_ch2-trip,-1,W4-17_ch,-1,W4-17_h2,0.004732996,,
HAT707_91,1,W4-17_h,1,W4-17_sif,-1,W4-17_hf,-1,W4-17_si,-0.001705153,,
HAT707_92,1,W4-17_h,1,W4-17_sif,-1,W4-17_sih,-1,W4-17_f,-0.109623838,,
HAT707_93,1,W4-17_h,1,W4-17_clcn,-1,W4-17_hcl,-1,W4-17_cn,0.005418245,,
HAT707_94,1,W4-17_h,1,W4-17_cf,-1,W4-17_hf,-1,W4-17_c,0.014214924,,
HAT707_95,1,W4-17_h,1,W4-17_cf,-1,W4-17_ch,-1,W4-17_f,-0.077289667,,
HAT707_96,1,W4-17_h,1,W4-17_bf,-1,W4-17_hf,-1,W4-17_b,-0.065146424,,
HAT707_97,1,W4-17_h,1,W4-17_bf,-1,W4-17_bh,-1,W4-17_f,-0.155408006,,
HAT707_98,1,W4-17_h,1,W4-17_bn3pi,-1,W4-17_bh,-1,W4-17_n,-0.033178781,,
HAT707_99,1,W4-17_h,1,W4-17_bn3pi,-1,W4-17_nh,-1,W4-17_b,-0.036206623,,
HAT707_100,1,W4-17_h,1,W4-17_s2o,-1,W4-17_hs,-1,W4-17_so,0.008621383,,
HAT707_101,1,W4-17_h,1,W4-17_s2o,-1,W4-17_oh,-1,W4-17_s2,0.004270852,,
HAT707_102,1,W4-17_h,1,W4-17_so3,-1,W4-17_oh,-1,W4-17_so2,0.033290333,,
HAT707_103,1,W4-17_h,1,W4-17_so3,-1,W4-17_hs,-1,W4-17_o3,-0.178132761,,
HAT707_104,1,W4-17_h,1,W4-17_so2,-1,W4-17_oh,-1,W4-17_so,-0.042947557,,
HAT707_105,1,W4-17_h,1,W4-17_so2,-1,W4-17_hs,-1,W4-17_o2,-0.082978823,,
HAT707_106,1,W4-17_h,1,W4-17_so,-1,W4-17_hs,-1,W4-17_o,-0.061720181,,
HAT707_107,1,W4-17_h,1,W4-17_so,-1,W4-17_oh,-1,W4-17_s,-0.030692762,,
HAT707_108,1,W4-17_h,1,W4-17_s4-c2v,-1,W4-17_hs,-1,W4-17_s3,0.03466083,,
HAT707_109,1,W4-17_h,1,W4-17_s3,-1,W4-17_hs,-1,W4-17_s2,0.037640864,,
HAT707_110,1,W4-17_h,1,W4-17_s2,-1,W4-17_hs,-1,W4-17_s,-0.026326295,,
HAT707_111,1,W4-17_h,1,W4-17_cl2,-1,W4-17_hcl,-1,W4-17_cl,0.076094466,,
HAT707_112,1,W4-17_h,1,W4-17_clf,-1,W4-17_hcl,-1,W4-17_f,0.071233981,,
HAT707_113,1,W4-17_h,1,W4-17_clf,-1,W4-17_hf,-1,W4-17_cl,0.125639532,,
HAT707_114,1,W4-17_h,1,W4-17_f2,-1,W4-17_hf,-1,W4-17_f,0.163503501,,
HAT707_115,1,W4-17_h,1,W4-17_o2,-1,W4-17_oh,-1,W4-17_o,-0.021704851,,
HAT707_116,1,W4-17_h,1,W4-17_n2,-1,W4-17_nh,-1,W4-17_n,-0.231693703,,
HAT707_117,1,W4-17_h,1,W4-17_b2,-1,W4-17_bh,-1,W4-17_b,0.027951768,,
HAT707_118,1,W4-17_c,1,W4-17_ch3f,-1,W4-17_cf,-1,W4-17_ch3,0.028095192,,
HAT707_119,1,W4-17_c,1,W4-17_foof,-1,W4-17_cf,-1,W4-17_fo2,0.18337571,,
HAT707_120,1,W4-17_c,1,W4-17_foof,-1,W4-17_co,-1,W4-17_f2o,0.32053698,,
HAT707_121,1,W4-17_c,1,W4-17_fo2,-1,W4-17_co,-1,W4-17_of,0.283788532,,
HAT707_122,1,W4-17_c,1,W4-17_fo2,-1,W4-17_cf,-1,W4-17_o2,0.189351715,,
HAT707_123,1,W4-17_c,1,W4-17_oclo,-1,W4-17_co,-1,W4-17_clo,0.31401915,,
HAT707_124,1,W4-17_c,1,W4-17_cl2o,-1,W4-17_co,-1,W4-17_cl2,0.347436971,,
HAT707_125,1,W4-17_c,1,W4-17_f2o,-1,W4-17_cf,-1,W4-17_of,0.146643198,,
HAT707_126,1,W4-17_c,1,W4-17_f2o,-1,W4-17_co,-1,W4-17_f2,0.326672345,,
HAT707_127,1,W4-17_c,1,W4-17_hof,-1,W4-17_co,-1,W4-17_hf,0.386782989,,
HAT707_128,1,W4-17_c,1,W4-17_clo,-1,W4-17_co,-1,W4-17_cl,0.309604875,,
HAT707_129,1,W4-17_c,1,W4-17_of,-1,W4-17_cf,-1,W4-17_o,0.126930349,,
HAT707_130,1,W4-17_c,1,W4-17_of,-1,W4-17_co,-1,W4-17_f,0.329317723,,
HAT707_131,1,W4-17_c,1,W4-17_no2,-1,W4-17_co,-1,W4-17_no,0.294162877,,
HAT707_132,1,W4-17_c,1,W4-17_no2,-1,W4-17_cn,-1,W4-17_o2,0.118388646,,
HAT707_133,1,W4-17_c,1,W4-17_n2o,-1,W4-17_co,-1,W4-17_n2,0.346385194,,
HAT707_134,1,W4-17_c,1,W4-17_n2o,-1,W4-17_cn,-1,W4-17_no,0.100795287,,
HAT707_135,1,W4-17_c,1,W4-17_t-hono,-1,W4-17_co,-1,W4-17_hno,0.243773202,,
HAT707_136,1,W4-17_c,1,W4-17_t-hono,-1,W4-17_cn,-1,W4-17_hoo,0.070484989,,
HAT707_137,1,W4-17_c,1,W4-17_hnco,-1,W4-17_cn,-1,W4-17_hco,0.04149738,,
HAT707_138,1,W4-17_c,1,W4-17_hnco,-1,W4-17_co,-1,W4-17_hcn,0.220570366,,
HAT707_139,1,W4-17_c,1,W4-17_hno,-1,W4-17_cn,-1,W4-17_oh,0.131743025,,
HAT707_140,1,W4-17_c,1,W4-17_no,-1,W4-17_cn,-1,W4-17_o,0.045592935,,
HAT707_141,1,W4-17_c,1,W4-17_no,-1,W4-17_co,-1,W4-17_n,0.170483475,,
HAT707_142,1,W4-17_c,1,W4-17_oxirene,-1,W4-17_co,-1,W4-17_c2h2,0.333349535,,
HAT707_143,1,W4-17_c,1,W4-17_oxirane,-1,W4-17_co,-1,W4-17_c2h4,0.274577516,,
HAT707_144,1,W4-17_c,1,W4-17_methanol,-1,W4-17_co,-1,W4-17_ch4,0.265573669,,
HAT707_145,1,W4-17_c,1,W4-17_t-hcoh,-1,W4-17_co,-1,W4-17_ch2-trip,0.203980976,,
HAT707_146,1,W4-17_c,1,W4-17_formic,-1,W4-17_co,-1,W4-17_t-hcoh,0.12796619,,
HAT707_147,1,W4-17_c,1,W4-17_ketene,-1,W4-17_co,-1,W4-17_ch2c,0.137368438,,
HAT707_148,1,W4-17_c,1,W4-17_glyoxal,-1,W4-17_co,-1,W4-17_oxirene,0.128603631,,
HAT707_149,1,W4-17_c,1,W4-17_acetaldehyde,-1,W4-17_co,-1,W4-17_c2h4,0.232602056,,
HAT707_150,1,W4-17_c,1,W4-17_f2co,-1,W4-17_co,-1,W4-17_cf2,0.155965766,,
HAT707_151,1,W4-17_c,1,W4-17_hcof,-1,W4-17_cf,-1,W4-17_hco,0.013386252,,
HAT707_152,1,W4-17_c,1,W4-17_h2co,-1,W4-17_co,-1,W4-17_ch2-trip,0.12081092,,
HAT707_153,1,W4-17_c,1,W4-17_hco,-1,W4-17_co,-1,W4-17_ch,0.102835097,,
HAT707_154,1,W4-17_c,1,W4-17_cs2,-1,W4-17_cs,-1,W4-17_cs,0.101448663,,
HAT707_155,1,W4-17_c,1,W4-17_ocs,-1,W4-17_co,-1,W4-17_cs,0.153304452,,
HAT707_156,1,W4-17_c,1,W4-17_co2,-1,W4-17_co,-1,W4-17_co,0.206068593,,
HAT707_157,1,W4-17_c,1,W4-17_sio,-1,W4-17_co,-1,W4-17_si,0.106261339,,
HAT707_158,1,W4-17_c,1,W4-17_hcn,-1,W4-17_cn,-1,W4-17_ch,-0.076253826,,
HAT707_159,1,W4-17_c,1,W4-17_h2s,-1,W4-17_cs,-1,W4-17_h2,0.155854214,,
HAT707_160,1,W4-17_c,1,W4-17_alf,-1,W4-17_cf,-1,W4-17_al,-0.049497259,,
HAT707_161,1,W4-17_c,1,W4-17_o3,-1,W4-17_co,-1,W4-17_o2,0.371500352,,
HAT707_162,1,W4-17_c,1,W4-17_hooh,-1,W4-17_co,-1,W4-17_h2o,0.356345203,,
HAT707_163,1,W4-17_c,1,W4-17_ssh,-1,W4-17_cs,-1,W4-17_hs,0.151105282,,
HAT707_164,1,W4-17_c,1,W4-17_hoo,-1,W4-17_co,-1,W4-17_oh,0.305015303,,
HAT707_165,1,W4-17_c,1,W4-17_h2o,-1,W4-17_co,-1,W4-17_h2,0.217128187,,
HAT707_166,1,W4-17_c,1,W4-17_t-n2h2,-1,W4-17_cn,-1,W4-17_nh2,0.107424668,,
HAT707_167,1,W4-17_c,1,W4-17_c2h3f,-1,W4-17_cf,-1,W4-17_ch2ch,0.007824583,,
HAT707_168,1,W4-17_c,1,W4-17_hccf,-1,W4-17_cf,-1,W4-17_cch,0.000653377,,
HAT707_169,1,W4-17_c,1,W4-17_cf2,-2,W4-17_cf,0.010613385,,,,
HAT707_170,1,W4-17_c,1,W4-17_sif,-1,W4-17_cf,-1,W4-17_si,-0.015920078,,
HAT707_171,1,W4-17_c,1,W4-17_bf,-1,W4-17_cf,-1,W4-17_b,-0.079361348,,
HAT707_172,1,W4-17_c,1,W4-17_bn3pi,-1,W4-17_cn,-1,W4-17_b,0.120380648,,
HAT707_173,1,W4-17_c,1,W4-17_s2o,-1,W4-17_cs,-1,W4-17_so,0.143264763,,
HAT707_174,1,W4-17_c,1,W4-17_s2o,-1,W4-17_co,-1,W4-17_s2,0.247326933,,
HAT707_175,1,W4-17_c,1,W4-17_so3,-1,W4-17_co,-1,W4-17_so2,0.276330478,,
HAT707_176,1,W4-17_c,1,W4-17_so3,-1,W4-17_cs,-1,W4-17_o3,-0.043505317,,
HAT707_177,1,W4-17_c,1,W4-17_so2,-1,W4-17_co,-1,W4-17_so,0.200108524,,
HAT707_178,1,W4-17_c,1,W4-17_so2,-1,W4-17_cs,-1,W4-17_o2,0.051664556,,
HAT707_179,1,W4-17_c,1,W4-17_so,-1,W4-17_cs,-1,W4-17_o,0.072907263,,
HAT707_180,1,W4-17_c,1,W4-17_so,-1,W4-17_co,-1,W4-17_s,0.212363319,,
HAT707_181,1,W4-17_c,1,W4-17_s4-c2v,-1,W4-17_cs,-1,W4-17_s3,0.169288274,,
HAT707_182,1,W4-17_c,1,W4-17_s3,-1,W4-17_cs,-1,W4-17_s2,0.172268308,,
HAT707_183,1,W4-17_c,1,W4-17_s2,-1,W4-17_cs,-1,W4-17_s,0.108317085,,
HAT707_184,1,W4-17_c,1,W4-17_clf,-1,W4-17_cf,-1,W4-17_cl,0.111424608,,
HAT707_185,1,W4-17_c,1,W4-17_f2,-1,W4-17_cf,-1,W4-17_f,0.149288577,,
HAT707_186,1,W4-17_c,1,W4-17_o2,-1,W4-17_co,-1,W4-17_o,0.221351231,,
HAT707_187,1,W4-17_c,1,W4-17_n2,-1,W4-17_cn,-1,W4-17_n,-0.075106433,,
HAT707_188,1,W4-17_n,1,W4-17_foof,-1,W4-17_no,-1,W4-17_f2o,0.150053505,,
HAT707_189,1,W4-17_n,1,W4-17_fo2,-1,W4-17_no,-1,W4-17_of,0.113305058,,
HAT707_190,1,W4-17_n,1,W4-17_oclo,-1,W4-17_no,-1,W4-17_clo,0.143535676,,
HAT707_191,1,W4-17_n,1,W4-17_cl2o,-1,W4-17_no,-1,W4-17_cl2,0.176953496,,
HAT707_192,1,W4-17_n,1,W4-17_f2o,-1,W4-17_no,-1,W4-17_f2,0.15618887,,
HAT707_193,1,W4-17_n,1,W4-17_hocl,-1,W4-17_no,-1,W4-17_hcl,0.149830401,,
HAT707_194,1,W4-17_n,1,W4-17_hof,-1,W4-17_no,-1,W4-17_hf,0.216299514,,
HAT707_195,1,W4-17_n,1,W4-17_clo,-1,W4-17_no,-1,W4-17_cl,0.1391214,,
HAT707_196,1,W4-17_n,1,W4-17_of,-1,W4-17_no,-1,W4-17_f,0.158834249,,
HAT707_197,1,W4-17_n,1,W4-17_no2,-1,W4-17_no,-1,W4-17_no,0.123679402,,
HAT707_198,1,W4-17_n,1,W4-17_no2,-1,W4-17_n2,-1,W4-17_o2,0.193511015,,
HAT707_199,1,W4-17_n,1,W4-17_n2o,-1,W4-17_no,-1,W4-17_n2,0.175901719,,
HAT707_200,1,W4-17_n,1,W4-17_t-hono,-1,W4-17_no,-1,W4-17_hno,0.073289727,,
HAT707_201,1,W4-17_n,1,W4-17_t-hono,-1,W4-17_n2,-1,W4-17_hoo,0.145607357,,
HAT707_202,1,W4-17_n,1,W4-17_hnco,-1,W4-17_n2,-1,W4-17_hco,0.116603812,,
HAT707_203,1,W4-17_n,1,W4-17_hnco,-1,W4-17_cn,-1,W4-17_hno,-0.075696065,,
HAT707_204,1,W4-17_n,1,W4-17_hnco,-1,W4-17_no,-1,W4-17_hcn,0.050086891,,
HAT707_205,1,W4-17_n,1,W4-17_hno,-1,W4-17_n2,-1,W4-17_oh,0.206849458,,
HAT707_206,1,W4-17_n,1,W4-17_no,-1,W4-17_n2,-1,W4-17_o,0.120699368,,
HAT707_207,1,W4-17_n,1,W4-17_oxirene,-1,W4-17_no,-1,W4-17_c2h2,0.16286606,,
HAT707_208,1,W4-17_n,1,W4-17_oxirane,-1,W4-17_no,-1,W4-17_c2h4,0.104078106,,
HAT707_209,1,W4-17_n,1,W4-17_methanol,-1,W4-17_no,-1,W4-17_ch4,0.095074258,,
HAT707_210,1,W4-17_n,1,W4-17_t-hcoh,-1,W4-17_cn,-1,W4-17_h2o,0.146372286,,
HAT707_211,1,W4-17_n,1,W4-17_t-hcoh,-1,W4-17_no,-1,W4-17_ch2-trip,0.033481565,,
HAT707_212,1,W4-17_n,1,W4-17_formic,-1,W4-17_no,-1,W4-17_t-hcoh,-0.042517285,,
HAT707_213,1,W4-17_n,1,W4-17_formic,-1,W4-17_cn,-1,W4-17_hooh,-0.082006727,,
HAT707_214,1,W4-17_n,1,W4-17_ketene,-1,W4-17_no,-1,W4-17_ch2c,-0.033115037,,
HAT707_215,1,W4-17_n,1,W4-17_ketene,-1,W4-17_cn,-1,W4-17_h2co,0.035935711,,
HAT707_216,1,W4-17_n,1,W4-17_glyoxal,-1,W4-17_no,-1,W4-17_oxirene,-0.041879844,,
HAT707_217,1,W4-17_n,1,W4-17_glyoxal,-1,W4-17_cn,-1,W4-17_formic,0.076731906,,
HAT707_218,1,W4-17_n,1,W4-17_acetaldehyde,-1,W4-17_cn,-1,W4-17_methanol,0.027075287,,
HAT707_219,1,W4-17_n,1,W4-17_acetaldehyde,-1,W4-17_no,-1,W4-17_c2h4,0.062118581,,
HAT707_220,1,W4-17_n,1,W4-17_f2co,-1,W4-17_no,-1,W4-17_cf2,-0.014517708,,
HAT707_221,1,W4-17_n,1,W4-17_f2co,-1,W4-17_cn,-1,W4-17_f2o,-0.231884936,,
HAT707_222,1,W4-17_n,1,W4-17_h2co,-1,W4-17_no,-1,W4-17_ch2-trip,-0.049672555,,
HAT707_223,1,W4-17_n,1,W4-17_h2co,-1,W4-17_cn,-1,W4-17_h2o,0.063218166,,
HAT707_224,1,W4-17_n,1,W4-17_hco,-1,W4-17_no,-1,W4-17_ch,-0.067664314,,
HAT707_225,1,W4-17_n,1,W4-17_cs2,-1,W4-17_cn,-1,W4-17_s2,0.007681159,,
HAT707_226,1,W4-17_n,1,W4-17_ocs,-1,W4-17_no,-1,W4-17_cs,-0.017179023,,
HAT707_227,1,W4-17_n,1,W4-17_ocs,-1,W4-17_cn,-1,W4-17_so,-0.044509286,,
HAT707_228,1,W4-17_n,1,W4-17_co2,-1,W4-17_no,-1,W4-17_co,0.035585119,,
HAT707_229,1,W4-17_n,1,W4-17_co2,-1,W4-17_cn,-1,W4-17_o2,-0.140189113,,
HAT707_230,1,W4-17_n,1,W4-17_cs,-1,W4-17_cn,-1,W4-17_s,0.014549581,,
HAT707_231,1,W4-17_n,1,W4-17_sio,-1,W4-17_no,-1,W4-17_si,-0.064238071,,
HAT707_232,1,W4-17_n,1,W4-17_co,-1,W4-17_cn,-1,W4-17_o,-0.124906476,,
HAT707_233,1,W4-17_n,1,W4-17_co,-1,W4-17_no,-1,W4-17_c,-0.170483475,,
HAT707_234,1,W4-17_n,1,W4-17_hcn,-1,W4-17_n2,-1,W4-17_ch,-0.001131457,,
HAT707_235,1,W4-17_n,1,W4-17_cn,-1,W4-17_n2,-1,W4-17_c,0.075106433,,
HAT707_236,1,W4-17_n,1,W4-17_t-hooo,-1,W4-17_no,-1,W4-17_hoo,0.151360258,,
HAT707_237,1,W4-17_n,1,W4-17_o3,-1,W4-17_no,-1,W4-17_o2,0.201016877,,
HAT707_238,1,W4-17_n,1,W4-17_hooh,-1,W4-17_no,-1,W4-17_h2o,0.185861728,,
HAT707_239,1,W4-17_n,1,W4-17_hoo,-1,W4-17_no,-1,W4-17_oh,0.134531828,,
HAT707_240,1,W4-17_n,1,W4-17_h2o,-1,W4-17_no,-1,W4-17_h2,0.046628776,,
HAT707_241,1,W4-17_n,1,W4-17_t-n2h2,-1,W4-17_n2,-1,W4-17_nh2,0.182531101,,
HAT707_242,1,W4-17_n,1,W4-17_propyne,-1,W4-17_cn,-1,W4-17_c2h4,0.063489079,,
HAT707_243,1,W4-17_n,1,W4-17_propene,-1,W4-17_cn,-1,W4-17_c2h6,0.052349805,,
HAT707_244,1,W4-17_n,1,W4-17_c2h3f,-1,W4-17_cn,-1,W4-17_ch3f,0.048477354,,
HAT707_245,1,W4-17_n,1,W4-17_c2h4,-1,W4-17_cn,-1,W4-17_ch4,0.060030964,,
HAT707_246,1,W4-17_n,1,W4-17_ch2ch,-1,W4-17_cn,-1,W4-17_ch3,0.068747963,,
HAT707_247,1,W4-17_n,1,W4-17_fccf,-1,W4-17_cn,-1,W4-17_cf2,0.086134154,,
HAT707_248,1,W4-17_n,1,W4-17_c2h2,-1,W4-17_cn,-1,W4-17_ch2-trip,-0.053274094,,
HAT707_249,1,W4-17_n,1,W4-17_ccl2,-1,W4-17_cn,-1,W4-17_cl2,0.101576151,,
HAT707_250,1,W4-17_n,1,W4-17_cf2,-1,W4-17_cn,-1,W4-17_f2,-0.061178357,,
HAT707_251,1,W4-17_n,1,W4-17_ch2-trip,-1,W4-17_cn,-1,W4-17_h2,0.159519497,,
HAT707_252,1,W4-17_n,1,W4-17_cf,-1,W4-17_cn,-1,W4-17_f,0.077496835,,
HAT707_253,1,W4-17_n,1,W4-17_bf,-1,W4-17_bn3pi,-1,W4-17_f,-0.122229225,,
HAT707_254,1,W4-17_n,1,W4-17_bn3pi,-1,W4-17_n2,-1,W4-17_b,0.19548708,,
HAT707_255,1,W4-17_n,1,W4-17_s2o,-1,W4-17_no,-1,W4-17_s2,0.076827522,,
HAT707_256,1,W4-17_n,1,W4-17_so3,-1,W4-17_no,-1,W4-17_so2,0.105847003,,
HAT707_257,1,W4-17_n,1,W4-17_so2,-1,W4-17_no,-1,W4-17_so,0.02962505,,
HAT707_258,1,W4-17_n,1,W4-17_so,-1,W4-17_no,-1,W4-17_s,0.041879844,,
HAT707_259,1,W4-17_n,1,W4-17_o2,-1,W4-17_no,-1,W4-17_o,0.050867756,,
HAT707_260,1,W4-17_n,1,W4-17_b2,-1,W4-17_bn3pi,-1,W4-17_b,0.061130549,,
HAT707_261,1,W4-17_o,1,W4-17_ch3f,-1,W4-17_of,-1,W4-17_ch3,-0.098819221,,
HAT707_262,1,W4-17_o,1,W4-17_foof,-1,W4-17_of,-1,W4-17_fo2,0.056461297,,
HAT707_263,1,W4-17_o,1,W4-17_foof,-1,W4-17_o2,-1,W4-17_f2o,0.099169813,,
HAT707_264,1,W4-17_o,1,W4-17_fo2,-1,W4-17_o2,-1,W4-17_of,0.062437302,,
HAT707_265,1,W4-17_o,1,W4-17_oclo,-1,W4-17_o2,-1,W4-17_clo,0.09266792,,
HAT707_266,1,W4-17_o,1,W4-17_cl2o,-1,W4-17_clo,-1,W4-17_clo,0.046915624,,
HAT707_267,1,W4-17_o,1,W4-17_cl2o,-1,W4-17_o2,-1,W4-17_cl2,0.126085741,,
HAT707_268,1,W4-17_o,1,W4-17_f2o,-1,W4-17_of,-1,W4-17_of,0.019712849,,
HAT707_269,1,W4-17_o,1,W4-17_f2o,-1,W4-17_o2,-1,W4-17_f2,0.105321115,,
HAT707_270,1,W4-17_o,1,W4-17_hocl,-1,W4-17_o2,-1,W4-17_hcl,0.098946709,,
HAT707_271,1,W4-17_o,1,W4-17_hof,-1,W4-17_o2,-1,W4-17_hf,0.165431758,,
HAT707_272,1,W4-17_o,1,W4-17_clo,-1,W4-17_o2,-1,W4-17_cl,0.088253644,,
HAT707_273,1,W4-17_o,1,W4-17_of,-1,W4-17_o2,-1,W4-17_f,0.107966493,,
HAT707_274,1,W4-17_o,1,W4-17_no2,-1,W4-17_o2,-1,W4-17_no,0.072811647,,
HAT707_275,1,W4-17_o,1,W4-17_t-hono,-1,W4-17_o2,-1,W4-17_hno,0.022406035,,
HAT707_276,1,W4-17_o,1,W4-17_t-hono,-1,W4-17_no,-1,W4-17_hoo,0.024907989,,
HAT707_277,1,W4-17_o,1,W4-17_hnco,-1,W4-17_no,-1,W4-17_hco,-0.004095556,,
HAT707_278,1,W4-17_o,1,W4-17_hnco,-1,W4-17_co,-1,W4-17_hno,0.04921041,,
HAT707_279,1,W4-17_o,1,W4-17_hnco,-1,W4-17_o2,-1,W4-17_hcn,-0.000796801,,
HAT707_280,1,W4-17_o,1,W4-17_hno,-1,W4-17_no,-1,W4-17_oh,0.08615009,,
HAT707_281,1,W4-17_o,1,W4-17_no,-1,W4-17_o2,-1,W4-17_n,-0.050867756,,
HAT707_282,1,W4-17_o,1,W4-17_oxirene,-1,W4-17_o2,-1,W4-17_c2h2,0.111998304,,
HAT707_283,1,W4-17_o,1,W4-17_oxirane,-1,W4-17_o2,-1,W4-17_c2h4,0.05321035,,
HAT707_284,1,W4-17_o,1,W4-17_methanol,-1,W4-17_o2,-1,W4-17_ch4,0.044206502,,
HAT707_285,1,W4-17_o,1,W4-17_t-hcoh,-1,W4-17_co,-1,W4-17_h2o,0.271278762,,
HAT707_286,1,W4-17_o,1,W4-17_t-hcoh,-1,W4-17_o2,-1,W4-17_ch2-trip,-0.017386191,,
HAT707_287,1,W4-17_o,1,W4-17_formic,-1,W4-17_o2,-1,W4-17_t-hcoh,-0.09338504,,
HAT707_288,1,W4-17_o,1,W4-17_formic,-1,W4-17_co,-1,W4-17_hooh,0.042899749,,
HAT707_289,1,W4-17_o,1,W4-17_ketene,-1,W4-17_o2,-1,W4-17_ch2c,-0.083982792,,
HAT707_290,1,W4-17_o,1,W4-17_ketene,-1,W4-17_co,-1,W4-17_h2co,0.16082625,,
HAT707_291,1,W4-17_o,1,W4-17_glyoxal,-1,W4-17_o2,-1,W4-17_oxirene,-0.092763536,,
HAT707_292,1,W4-17_o,1,W4-17_glyoxal,-1,W4-17_co,-1,W4-17_formic,0.201638382,,
HAT707_293,1,W4-17_o,1,W4-17_acetaldehyde,-1,W4-17_co,-1,W4-17_methanol,0.151965827,,
HAT707_294,1,W4-17_o,1,W4-17_acetaldehyde,-1,W4-17_o2,-1,W4-17_c2h4,0.011250826,,
HAT707_295,1,W4-17_o,1,W4-17_f2co,-1,W4-17_o2,-1,W4-17_cf2,-0.065385464,,
HAT707_296,1,W4-17_o,1,W4-17_f2co,-1,W4-17_co,-1,W4-17_f2o,-0.10697846,,
HAT707_297,1,W4-17_o,1,W4-17_hcof,-1,W4-17_of,-1,W4-17_hco,-0.113544098,,
HAT707_298,1,W4-17_o,1,W4-17_h2co,-1,W4-17_o2,-1,W4-17_ch2-trip,-0.100540311,,
HAT707_299,1,W4-17_o,1,W4-17_h2co,-1,W4-17_co,-1,W4-17_h2o,0.188108706,,
HAT707_300,1,W4-17_o,1,W4-17_hco,-1,W4-17_o2,-1,W4-17_ch,-0.11853207,,
HAT707_301,1,W4-17_o,1,W4-17_cs2,-1,W4-17_so,-1,W4-17_cs,0.028541401,,
HAT707_302,1,W4-17_o,1,W4-17_cs2,-1,W4-17_co,-1,W4-17_s2,0.132587634,,
HAT707_303,1,W4-17_o,1,W4-17_ocs,-1,W4-17_o2,-1,W4-17_cs,-0.068046779,,
HAT707_304,1,W4-17_o,1,W4-17_ocs,-1,W4-17_so,-1,W4-17_co,0.080397189,,
HAT707_305,1,W4-17_o,1,W4-17_co2,-1,W4-17_o2,-1,W4-17_co,-0.015282637,,
HAT707_306,1,W4-17_o,1,W4-17_cs,-1,W4-17_co,-1,W4-17_s,0.139456056,,
HAT707_307,1,W4-17_o,1,W4-17_cs,-1,W4-17_so,-1,W4-17_c,-0.072907263,,
HAT707_308,1,W4-17_o,1,W4-17_sio,-1,W4-17_o2,-1,W4-17_si,-0.115105827,,
HAT707_309,1,W4-17_o,1,W4-17_co,-1,W4-17_o2,-1,W4-17_c,-0.221351231,,
HAT707_310,1,W4-17_o,1,W4-17_hcn,-1,W4-17_no,-1,W4-17_ch,-0.121830825,,
HAT707_311,1,W4-17_o,1,W4-17_cn,-1,W4-17_co,-1,W4-17_n,0.124906476,,
HAT707_312,1,W4-17_o,1,W4-17_cn,-1,W4-17_no,-1,W4-17_c,-0.045592935,,
HAT707_313,1,W4-17_o,1,W4-17_h2s,-1,W4-17_so,-1,W4-17_h2,0.082946951,,
HAT707_314,1,W4-17_o,1,W4-17_alcl,-1,W4-17_clo,-1,W4-17_al,-0.09110619,,
HAT707_315,1,W4-17_o,1,W4-17_alf,-1,W4-17_of,-1,W4-17_al,-0.176427608,,
HAT707_316,1,W4-17_o,1,W4-17_t-hooo,-1,W4-17_o2,-1,W4-17_hoo,0.100492503,,
HAT707_317,1,W4-17_o,1,W4-17_o3,-1,W4-17_o2,-1,W4-17_o2,0.150149121,,
HAT707_318,1,W4-17_o,1,W4-17_hooh,-1,W4-17_o2,-1,W4-17_h2o,0.134993972,,
HAT707_319,1,W4-17_o,1,W4-17_ssh,-1,W4-17_so,-1,W4-17_hs,0.078198019,,
HAT707_320,1,W4-17_o,1,W4-17_hoo,-1,W4-17_o2,-1,W4-17_oh,0.083664072,,
HAT707_321,1,W4-17_o,1,W4-17_h2o,-1,W4-17_o2,-1,W4-17_h2,-0.00423898,,
HAT707_322,1,W4-17_o,1,W4-17_t-n2h2,-1,W4-17_no,-1,W4-17_nh2,0.061831733,,
HAT707_323,1,W4-17_o,1,W4-17_propyne,-1,W4-17_co,-1,W4-17_c2h4,0.188395554,,
HAT707_324,1,W4-17_o,1,W4-17_propene,-1,W4-17_co,-1,W4-17_c2h6,0.177256281,,
HAT707_325,1,W4-17_o,1,W4-17_c2h3f,-1,W4-17_of,-1,W4-17_ch2ch,-0.119105767,,
HAT707_326,1,W4-17_o,1,W4-17_c2h3f,-1,W4-17_co,-1,W4-17_ch3f,0.173367893,,
HAT707_327,1,W4-17_o,1,W4-17_c2h4,-1,W4-17_co,-1,W4-17_ch4,0.184937439,,
HAT707_328,1,W4-17_o,1,W4-17_ch2ch,-1,W4-17_co,-1,W4-17_ch3,0.193654439,,
HAT707_329,1,W4-17_o,1,W4-17_fccf,-1,W4-17_co,-1,W4-17_cf2,0.211024694,,
HAT707_330,1,W4-17_o,1,W4-17_hccf,-1,W4-17_of,-1,W4-17_cch,-0.126261037,,
HAT707_331,1,W4-17_o,1,W4-17_c2h2,-1,W4-17_co,-1,W4-17_ch2-trip,0.071632382,,
HAT707_332,1,W4-17_o,1,W4-17_ccl2,-1,W4-17_co,-1,W4-17_cl2,0.226482627,,
HAT707_333,1,W4-17_o,1,W4-17_cf2,-1,W4-17_co,-1,W4-17_f2,0.063728119,,
HAT707_334,1,W4-17_o,1,W4-17_cf2,-1,W4-17_of,-1,W4-17_cf,-0.116316964,,
HAT707_335,1,W4-17_o,1,W4-17_ch2-trip,-1,W4-17_co,-1,W4-17_h2,0.284425973,,
HAT707_336,1,W4-17_o,1,W4-17_sif,-1,W4-17_of,-1,W4-17_si,-0.142834491,,
HAT707_337,1,W4-17_o,1,W4-17_sif,-1,W4-17_sio,-1,W4-17_f,0.080221893,,
HAT707_338,1,W4-17_o,1,W4-17_clcn,-1,W4-17_clo,-1,W4-17_cn,-0.061592693,,
HAT707_339,1,W4-17_o,1,W4-17_cf,-1,W4-17_of,-1,W4-17_c,-0.126930349,,
HAT707_340,1,W4-17_o,1,W4-17_cf,-1,W4-17_co,-1,W4-17_f,0.20240331,,
HAT707_341,1,W4-17_o,1,W4-17_bf,-1,W4-17_of,-1,W4-17_b,-0.206275762,,
HAT707_342,1,W4-17_o,1,W4-17_bn3pi,-1,W4-17_no,-1,W4-17_b,0.074787712,,
HAT707_343,1,W4-17_o,1,W4-17_s2o,-1,W4-17_so,-1,W4-17_so,0.070357501,,
HAT707_344,1,W4-17_o,1,W4-17_s2o,-1,W4-17_o2,-1,W4-17_s2,0.025959766,,
HAT707_345,1,W4-17_o,1,W4-17_so3,-1,W4-17_o2,-1,W4-17_so2,0.054979247,,
HAT707_346,1,W4-17_o,1,W4-17_so3,-1,W4-17_so,-1,W4-17_o3,-0.11641258,,
HAT707_347,1,W4-17_o,1,W4-17_so2,-1,W4-17_o2,-1,W4-17_so,-0.021242706,,
HAT707_348,1,W4-17_o,1,W4-17_so,-1,W4-17_o2,-1,W4-17_s,-0.008987912,,
HAT707_349,1,W4-17_o,1,W4-17_s4-c2v,-1,W4-17_so,-1,W4-17_s3,0.096381011,,
HAT707_350,1,W4-17_o,1,W4-17_s3,-1,W4-17_so,-1,W4-17_s2,0.099361046,,
HAT707_351,1,W4-17_o,1,W4-17_s2,-1,W4-17_so,-1,W4-17_s,0.035393886,,
HAT707_352,1,W4-17_o,1,W4-17_cl2,-1,W4-17_clo,-1,W4-17_cl,0.009083528,,
HAT707_353,1,W4-17_o,1,W4-17_clf,-1,W4-17_clo,-1,W4-17_f,0.004223044,,
HAT707_354,1,W4-17_o,1,W4-17_clf,-1,W4-17_of,-1,W4-17_cl,-0.015489805,,
HAT707_355,1,W4-17_o,1,W4-17_f2,-1,W4-17_of,-1,W4-17_f,0.022358227,,
HAT707_356,1,W4-17_o,1,W4-17_n2,-1,W4-17_no,-1,W4-17_n,-0.120699368,,
HAT707_357,1,W4-17_f,1,W4-17_ch3f,-1,W4-17_f2,-1,W4-17_ch3,-0.121193384,,
HAT707_358,1,W4-17_f,1,W4-17_foof,-1,W4-17_f2,-1,W4-17_fo2,0.034087133,,
HAT707_359,1,W4-17_f,1,W4-17_foof,-1,W4-17_of,-1,W4-17_f2o,-0.008780744,,
HAT707_360,1,W4-17_f,1,W4-17_fo2,-1,W4-17_of,-1,W4-17_of,-0.045529191,,
HAT707_361,1,W4-17_f,1,W4-17_fo2,-1,W4-17_f2,-1,W4-17_o2,0.040063138,,
HAT707_362,1,W4-17_f,1,W4-17_oclo,-1,W4-17_of,-1,W4-17_clo,-0.015298573,,
HAT707_363,1,W4-17_f,1,W4-17_oclo,-1,W4-17_clf,-1,W4-17_o2,0.088444876,,
HAT707_364,1,W4-17_f,1,W4-17_cl2o,-1,W4-17_clf,-1,W4-17_clo,0.042692581,,
HAT707_365,1,W4-17_f,1,W4-17_cl2o,-1,W4-17_of,-1,W4-17_cl2,0.018119248,,
HAT707_366,1,W4-17_f,1,W4-17_f2o,-1,W4-17_f2,-1,W4-17_of,-0.002645378,,
HAT707_367,1,W4-17_f,1,W4-17_hocl,-1,W4-17_of,-1,W4-17_hcl,-0.009003848,,
HAT707_368,1,W4-17_f,1,W4-17_hof,-1,W4-17_of,-1,W4-17_hf,0.057465265,,
HAT707_369,1,W4-17_f,1,W4-17_clo,-1,W4-17_clf,-1,W4-17_o,-0.004223044,,
HAT707_370,1,W4-17_f,1,W4-17_clo,-1,W4-17_of,-1,W4-17_cl,-0.019712849,,
HAT707_371,1,W4-17_f,1,W4-17_of,-1,W4-17_f2,-1,W4-17_o,-0.022358227,,
HAT707_372,1,W4-17_f,1,W4-17_no2,-1,W4-17_of,-1,W4-17_no,-0.035154846,,
HAT707_373,1,W4-17_f,1,W4-17_n2o,-1,W4-17_of,-1,W4-17_n2,0.017067471,,
HAT707_374,1,W4-17_f,1,W4-17_t-hono,-1,W4-17_of,-1,W4-17_hno,-0.085544522,,
HAT707_375,1,W4-17_f,1,W4-17_hnco,-1,W4-17_cf,-1,W4-17_hno,-0.1531929,,
HAT707_376,1,W4-17_f,1,W4-17_hnco,-1,W4-17_of,-1,W4-17_hcn,-0.108747358,,
HAT707_377,1,W4-17_f,1,W4-17_no,-1,W4-17_of,-1,W4-17_n,-0.158834249,,
HAT707_378,1,W4-17_f,1,W4-17_oxirene,-1,W4-17_of,-1,W4-17_c2h2,0.004031811,,
HAT707_379,1,W4-17_f,1,W4-17_oxirane,-1,W4-17_of,-1,W4-17_c2h4,-0.054756143,,
HAT707_380,1,W4-17_f,1,W4-17_methanol,-1,W4-17_of,-1,W4-17_ch4,-0.063759991,,
HAT707_381,1,W4-17_f,1,W4-17_t-hcoh,-1,W4-17_cf,-1,W4-17_h2o,0.068875451,,
HAT707_382,1,W4-17_f,1,W4-17_t-hcoh,-1,W4-17_of,-1,W4-17_ch2-trip,-0.125352684,,
HAT707_383,1,W4-17_f,1,W4-17_formic,-1,W4-17_of,-1,W4-17_t-hcoh,-0.201351533,,
HAT707_384,1,W4-17_f,1,W4-17_formic,-1,W4-17_cf,-1,W4-17_hooh,-0.159503561,,
HAT707_385,1,W4-17_f,1,W4-17_ketene,-1,W4-17_of,-1,W4-17_ch2c,-0.191949285,,
HAT707_386,1,W4-17_f,1,W4-17_ketene,-1,W4-17_cf,-1,W4-17_h2co,-0.041561124,,
HAT707_387,1,W4-17_f,1,W4-17_glyoxal,-1,W4-17_of,-1,W4-17_oxirene,-0.200714093,,
HAT707_388,1,W4-17_f,1,W4-17_glyoxal,-1,W4-17_cf,-1,W4-17_formic,-0.000764929,,
HAT707_389,1,W4-17_f,1,W4-17_acetaldehyde,-1,W4-17_cf,-1,W4-17_methanol,-0.050421547,,
HAT707_390,1,W4-17_f,1,W4-17_acetaldehyde,-1,W4-17_of,-1,W4-17_c2h4,-0.096715667,,
HAT707_391,1,W4-17_f,1,W4-17_f2co,-1,W4-17_of,-1,W4-17_cf2,-0.173351957,,
HAT707_392,1,W4-17_f,1,W4-17_f2co,-1,W4-17_cf,-1,W4-17_f2o,-0.30938177,,
HAT707_393,1,W4-17_f,1,W4-17_hcof,-1,W4-17_f2,-1,W4-17_hco,-0.135902325,,
HAT707_394,1,W4-17_f,1,W4-17_h2co,-1,W4-17_of,-1,W4-17_ch2-trip,-0.208506803,,
HAT707_395,1,W4-17_f,1,W4-17_h2co,-1,W4-17_cf,-1,W4-17_h2o,-0.014278668,,
HAT707_396,1,W4-17_f,1,W4-17_hco,-1,W4-17_of,-1,W4-17_ch,-0.226498563,,
HAT707_397,1,W4-17_f,1,W4-17_cs2,-1,W4-17_cf,-1,W4-17_s2,-0.069815676,,
HAT707_398,1,W4-17_f,1,W4-17_ocs,-1,W4-17_of,-1,W4-17_cs,-0.176013272,,
HAT707_399,1,W4-17_f,1,W4-17_ocs,-1,W4-17_cf,-1,W4-17_so,-0.122006121,,
HAT707_400,1,W4-17_f,1,W4-17_co2,-1,W4-17_of,-1,W4-17_co,-0.12324913,,
HAT707_401,1,W4-17_f,1,W4-17_co2,-1,W4-17_cf,-1,W4-17_o2,-0.217685947,,
HAT707_402,1,W4-17_f,1,W4-17_cs,-1,W4-17_cf,-1,W4-17_s,-0.062947254,,
HAT707_403,1,W4-17_f,1,W4-17_sio,-1,W4-17_sif,-1,W4-17_o,-0.080221893,,
HAT707_404,1,W4-17_f,1,W4-17_sio,-1,W4-17_of,-1,W4-17_si,-0.22307232,,
HAT707_405,1,W4-17_f,1,W4-17_co,-1,W4-17_cf,-1,W4-17_o,-0.20240331,,
HAT707_406,1,W4-17_f,1,W4-17_co,-1,W4-17_of,-1,W4-17_c,-0.329317723,,
HAT707_407,1,W4-17_f,1,W4-17_cn,-1,W4-17_cf,-1,W4-17_n,-0.077496835,,
HAT707_408,1,W4-17_f,1,W4-17_alcl,-1,W4-17_alf,-1,W4-17_cl,0.065592632,,
HAT707_409,1,W4-17_f,1,W4-17_alcl,-1,W4-17_clf,-1,W4-17_al,-0.095329234,,
HAT707_410,1,W4-17_f,1,W4-17_alf,-1,W4-17_f2,-1,W4-17_al,-0.198785835,,
HAT707_411,1,W4-17_f,1,W4-17_t-hooo,-1,W4-17_of,-1,W4-17_hoo,-0.00747399,,
HAT707_412,1,W4-17_f,1,W4-17_o3,-1,W4-17_of,-1,W4-17_o2,0.042182628,,
HAT707_413,1,W4-17_f,1,W4-17_hooh,-1,W4-17_of,-1,W4-17_h2o,0.027027479,,
HAT707_414,1,W4-17_f,1,W4-17_h2o,-1,W4-17_of,-1,W4-17_h2,-0.112205473,,
HAT707_415,1,W4-17_f,1,W4-17_propyne,-1,W4-17_cf,-1,W4-17_c2h4,-0.014007756,,
HAT707_416,1,W4-17_f,1,W4-17_propene,-1,W4-17_cf,-1,W4-17_c2h6,-0.02514703,,
HAT707_417,1,W4-17_f,1,W4-17_c2h3f,-1,W4-17_f2,-1,W4-17_ch2ch,-0.141463994,,
HAT707_418,1,W4-17_f,1,W4-17_c2h3f,-1,W4-17_cf,-1,W4-17_ch3f,-0.029019481,,
HAT707_419,1,W4-17_f,1,W4-17_c2h4,-1,W4-17_cf,-1,W4-17_ch4,-0.017465871,,
HAT707_420,1,W4-17_f,1,W4-17_ch2ch,-1,W4-17_cf,-1,W4-17_ch3,-0.008748872,,
HAT707_421,1,W4-17_f,1,W4-17_fccf,-1,W4-17_cf,-1,W4-17_cf2,0.008637319,,
HAT707_422,1,W4-17_f,1,W4-17_hccf,-1,W4-17_f2,-1,W4-17_cch,-0.1486352,,
HAT707_423,1,W4-17_f,1,W4-17_c2h2,-1,W4-17_cf,-1,W4-17_ch2-trip,-0.130770929,,
HAT707_424,1,W4-17_f,1,W4-17_ccl2,-1,W4-17_cf,-1,W4-17_cl2,0.024079317,,
HAT707_425,1,W4-17_f,1,W4-17_cf2,-1,W4-17_f2,-1,W4-17_cf,-0.138675191,,
HAT707_426,1,W4-17_f,1,W4-17_ch2-trip,-1,W4-17_cf,-1,W4-17_h2,0.082022663,,
HAT707_427,1,W4-17_f,1,W4-17_sif,-1,W4-17_f2,-1,W4-17_si,-0.165208654,,
HAT707_428,1,W4-17_f,1,W4-17_clcn,-1,W4-17_clf,-1,W4-17_cn,-0.065815737,,
HAT707_429,1,W4-17_f,1,W4-17_cf,-1,W4-17_f2,-1,W4-17_c,-0.149288577,,
HAT707_430,1,W4-17_f,1,W4-17_bf,-1,W4-17_f2,-1,W4-17_b,-0.228649925,,
HAT707_431,1,W4-17_f,1,W4-17_bn3pi,-1,W4-17_bf,-1,W4-17_n,0.122229225,,
HAT707_432,1,W4-17_f,1,W4-17_s2o,-1,W4-17_of,-1,W4-17_s2,-0.081990791,,
HAT707_433,1,W4-17_f,1,W4-17_so3,-1,W4-17_of,-1,W4-17_so2,-0.052987246,,
HAT707_434,1,W4-17_f,1,W4-17_so2,-1,W4-17_of,-1,W4-17_so,-0.129209199,,
HAT707_435,1,W4-17_f,1,W4-17_so,-1,W4-17_of,-1,W4-17_s,-0.116954405,,
HAT707_436,1,W4-17_f,1,W4-17_cl2,-1,W4-17_clf,-1,W4-17_cl,0.004860484,,
HAT707_437,1,W4-17_f,1,W4-17_clf,-1,W4-17_f2,-1,W4-17_cl,-0.037863969,,
HAT707_438,1,W4-17_f,1,W4-17_o2,-1,W4-17_of,-1,W4-17_o,-0.107966493,,
HAT707_439,1,W4-17_f,1,W4-17_b2,-1,W4-17_bf,-1,W4-17_b,0.183359774,,
HAT707_440,1,W4-17_s,1,W4-17_foof,-1,W4-17_so,-1,W4-17_f2o,0.108173661,,
HAT707_441,1,W4-17_s,1,W4-17_fo2,-1,W4-17_so,-1,W4-17_of,0.071425213,,
HAT707_442,1,W4-17_s,1,W4-17_oclo,-1,W4-17_so,-1,W4-17_clo,0.101655832,,
HAT707_443,1,W4-17_s,1,W4-17_cl2o,-1,W4-17_so,-1,W4-17_cl2,0.135073652,,
HAT707_444,1,W4-17_s,1,W4-17_f2o,-1,W4-17_so,-1,W4-17_f2,0.114309026,,
HAT707_445,1,W4-17_s,1,W4-17_hocl,-1,W4-17_so,-1,W4-17_hcl,0.107950557,,
HAT707_446,1,W4-17_s,1,W4-17_hof,-1,W4-17_so,-1,W4-17_hf,0.17441967,,
HAT707_447,1,W4-17_s,1,W4-17_clo,-1,W4-17_so,-1,W4-17_cl,0.097241556,,
HAT707_448,1,W4-17_s,1,W4-17_of,-1,W4-17_so,-1,W4-17_f,0.116954405,,
HAT707_449,1,W4-17_s,1,W4-17_no2,-1,W4-17_so,-1,W4-17_no,0.081799558,,
HAT707_450,1,W4-17_s,1,W4-17_n2o,-1,W4-17_so,-1,W4-17_n2,0.134021875,,
HAT707_451,1,W4-17_s,1,W4-17_t-hono,-1,W4-17_so,-1,W4-17_hno,0.031409883,,
HAT707_452,1,W4-17_s,1,W4-17_hnco,-1,W4-17_cs,-1,W4-17_hno,-0.090245646,,
HAT707_453,1,W4-17_s,1,W4-17_hnco,-1,W4-17_so,-1,W4-17_hcn,0.008207047,,
HAT707_454,1,W4-17_s,1,W4-17_no,-1,W4-17_so,-1,W4-17_n,-0.041879844,,
HAT707_455,1,W4-17_s,1,W4-17_oxirene,-1,W4-17_so,-1,W4-17_c2h2,0.120986216,,
HAT707_456,1,W4-17_s,1,W4-17_oxirane,-1,W4-17_so,-1,W4-17_c2h4,0.062198262,,
HAT707_457,1,W4-17_s,1,W4-17_methanol,-1,W4-17_so,-1,W4-17_ch4,0.053194414,,
HAT707_458,1,W4-17_s,1,W4-17_t-hcoh,-1,W4-17_cs,-1,W4-17_h2o,0.131822705,,
HAT707_459,1,W4-17_s,1,W4-17_t-hcoh,-1,W4-17_so,-1,W4-17_ch2-trip,-0.008398279,,
HAT707_460,1,W4-17_s,1,W4-17_formic,-1,W4-17_so,-1,W4-17_t-hcoh,-0.084397129,,
HAT707_461,1,W4-17_s,1,W4-17_formic,-1,W4-17_cs,-1,W4-17_hooh,-0.096556307,,
HAT707_462,1,W4-17_s,1,W4-17_ketene,-1,W4-17_so,-1,W4-17_ch2c,-0.074994881,,
HAT707_463,1,W4-17_s,1,W4-17_ketene,-1,W4-17_cs,-1,W4-17_h2co,0.021370194,,
HAT707_464,1,W4-17_s,1,W4-17_glyoxal,-1,W4-17_so,-1,W4-17_oxirene,-0.083759688,,
HAT707_465,1,W4-17_s,1,W4-17_glyoxal,-1,W4-17_cs,-1,W4-17_formic,0.062182326,,
HAT707_466,1,W4-17_s,1,W4-17_acetaldehyde,-1,W4-17_cs,-1,W4-17_methanol,0.012525707,,
HAT707_467,1,W4-17_s,1,W4-17_acetaldehyde,-1,W4-17_so,-1,W4-17_c2h4,0.020238737,,
HAT707_468,1,W4-17_s,1,W4-17_f2co,-1,W4-17_so,-1,W4-17_cf2,-0.056397553,,
HAT707_469,1,W4-17_s,1,W4-17_f2co,-1,W4-17_cs,-1,W4-17_f2o,-0.246434516,,
HAT707_470,1,W4-17_s,1,W4-17_h2co,-1,W4-17_so,-1,W4-17_ch2-trip,-0.091552399,,
HAT707_471,1,W4-17_s,1,W4-17_h2co,-1,W4-17_cs,-1,W4-17_h2o,0.04865265,,
HAT707_472,1,W4-17_s,1,W4-17_hco,-1,W4-17_so,-1,W4-17_ch,-0.109544158,,
HAT707_473,1,W4-17_s,1,W4-17_cs2,-1,W4-17_cs,-1,W4-17_s2,-0.006868422,,
HAT707_474,1,W4-17_s,1,W4-17_ocs,-1,W4-17_so,-1,W4-17_cs,-0.059058867,,
HAT707_475,1,W4-17_s,1,W4-17_ocs,-1,W4-17_s2,-1,W4-17_co,0.044987367,,
HAT707_476,1,W4-17_s,1,W4-17_co2,-1,W4-17_so,-1,W4-17_co,-0.006294725,,
HAT707_477,1,W4-17_s,1,W4-17_co2,-1,W4-17_cs,-1,W4-17_o2,-0.154738693,,
HAT707_478,1,W4-17_s,1,W4-17_cs,-1,W4-17_s2,-1,W4-17_c,-0.108317085,,
HAT707_479,1,W4-17_s,1,W4-17_sio,-1,W4-17_so,-1,W4-17_si,-0.106117915,,
HAT707_480,1,W4-17_s,1,W4-17_co,-1,W4-17_cs,-1,W4-17_o,-0.139456056,,
HAT707_481,1,W4-17_s,1,W4-17_co,-1,W4-17_so,-1,W4-17_c,-0.212363319,,
HAT707_482,1,W4-17_s,1,W4-17_cn,-1,W4-17_cs,-1,W4-17_n,-0.014549581,,
HAT707_483,1,W4-17_s,1,W4-17_h2s,-1,W4-17_s2,-1,W4-17_h2,0.047537129,,
HAT707_484,1,W4-17_s,1,W4-17_t-hooo,-1,W4-17_so,-1,W4-17_hoo,0.109480414,,
HAT707_485,1,W4-17_s,1,W4-17_o3,-1,W4-17_so,-1,W4-17_o2,0.159137033,,
HAT707_486,1,W4-17_s,1,W4-17_hooh,-1,W4-17_so,-1,W4-17_h2o,0.143981884,,
HAT707_487,1,W4-17_s,1,W4-17_h2o,-1,W4-17_so,-1,W4-17_h2,0.004748932,,
HAT707_488,1,W4-17_s,1,W4-17_propyne,-1,W4-17_cs,-1,W4-17_c2h4,0.048939498,,
HAT707_489,1,W4-17_s,1,W4-17_propene,-1,W4-17_cs,-1,W4-17_c2h6,0.037800225,,
HAT707_490,1,W4-17_s,1,W4-17_c2h3f,-1,W4-17_cs,-1,W4-17_ch3f,0.033927773,,
HAT707_491,1,W4-17_s,1,W4-17_c2h4,-1,W4-17_cs,-1,W4-17_ch4,0.045481383,,
HAT707_492,1,W4-17_s,1,W4-17_ch2ch,-1,W4-17_cs,-1,W4-17_ch3,0.054198383,,
HAT707_493,1,W4-17_s,1,W4-17_fccf,-1,W4-17_cs,-1,W4-17_cf2,0.071568638,,
HAT707_494,1,W4-17_s,1,W4-17_c2h2,-1,W4-17_cs,-1,W4-17_ch2-trip,-0.067823674,,
HAT707_495,1,W4-17_s,1,W4-17_ccl2,-1,W4-17_cs,-1,W4-17_cl2,0.087026571,,
HAT707_496,1,W4-17_s,1,W4-17_cf2,-1,W4-17_cs,-1,W4-17_f2,-0.075727937,,
HAT707_497,1,W4-17_s,1,W4-17_ch2-trip,-1,W4-17_cs,-1,W4-17_h2,0.144969917,,
HAT707_498,1,W4-17_s,1,W4-17_cf,-1,W4-17_cs,-1,W4-17_f,0.062947254,,
HAT707_499,1,W4-17_s,1,W4-17_s2o,-1,W4-17_s2,-1,W4-17_so,0.034963614,,
HAT707_500,1,W4-17_s,1,W4-17_so3,-1,W4-17_so,-1,W4-17_so2,0.063967159,,
HAT707_501,1,W4-17_s,1,W4-17_so3,-1,W4-17_s2,-1,W4-17_o3,-0.151806467,,
HAT707_502,1,W4-17_s,1,W4-17_so2,-1,W4-17_so,-1,W4-17_so,-0.012254795,,
HAT707_503,1,W4-17_s,1,W4-17_so2,-1,W4-17_s2,-1,W4-17_o2,-0.056652529,,
HAT707_504,1,W4-17_s,1,W4-17_so,-1,W4-17_s2,-1,W4-17_o,-0.035393886,,
HAT707_505,1,W4-17_s,1,W4-17_s4-c2v,-1,W4-17_s2,-1,W4-17_s3,0.060987124,,
HAT707_506,1,W4-17_s,1,W4-17_s3,-1,W4-17_s2,-1,W4-17_s2,0.063967159,,
HAT707_507,1,W4-17_s,1,W4-17_o2,-1,W4-17_so,-1,W4-17_o,0.008987912,,
HAT707_508,1,W4-17_cl,1,W4-17_ch3f,-1,W4-17_clf,-1,W4-17_ch3,-0.083329416,,
HAT707_509,1,W4-17_cl,1,W4-17_foof,-1,W4-17_clf,-1,W4-17_fo2,0.071951102,,
HAT707_510,1,W4-17_cl,1,W4-17_foof,-1,W4-17_clo,-1,W4-17_f2o,0.010932105,,
HAT707_511,1,W4-17_cl,1,W4-17_fo2,-1,W4-17_clo,-1,W4-17_of,-0.025816342,,
HAT707_512,1,W4-17_cl,1,W4-17_fo2,-1,W4-17_clf,-1,W4-17_o2,0.077927107,,
HAT707_513,1,W4-17_cl,1,W4-17_oclo,-1,W4-17_clo,-1,W4-17_clo,0.004414276,,
HAT707_514,1,W4-17_cl,1,W4-17_oclo,-1,W4-17_cl2,-1,W4-17_o2,0.083584392,,
HAT707_515,1,W4-17_cl,1,W4-17_cl2o,-1,W4-17_clo,-1,W4-17_cl2,0.037832097,,
HAT707_516,1,W4-17_cl,1,W4-17_f2o,-1,W4-17_clf,-1,W4-17_of,0.035202654,,
HAT707_517,1,W4-17_cl,1,W4-17_f2o,-1,W4-17_clo,-1,W4-17_f2,0.017067471,,
HAT707_518,1,W4-17_cl,1,W4-17_hocl,-1,W4-17_clo,-1,W4-17_hcl,0.010709001,,
HAT707_519,1,W4-17_cl,1,W4-17_hof,-1,W4-17_clo,-1,W4-17_hf,0.077178114,,
HAT707_520,1,W4-17_cl,1,W4-17_clo,-1,W4-17_cl2,-1,W4-17_o,-0.009083528,,
HAT707_521,1,W4-17_cl,1,W4-17_of,-1,W4-17_clf,-1,W4-17_o,0.015489805,,
HAT707_522,1,W4-17_cl,1,W4-17_no2,-1,W4-17_clo,-1,W4-17_no,-0.015441997,,
HAT707_523,1,W4-17_cl,1,W4-17_n2o,-1,W4-17_clo,-1,W4-17_n2,0.03678032,,
HAT707_524,1,W4-17_cl,1,W4-17_t-hono,-1,W4-17_clo,-1,W4-17_hno,-0.065831673,,
HAT707_525,1,W4-17_cl,1,W4-17_hnco,-1,W4-17_clo,-1,W4-17_hcn,-0.089034509,,
HAT707_526,1,W4-17_cl,1,W4-17_no,-1,W4-17_clo,-1,W4-17_n,-0.1391214,,
HAT707_527,1,W4-17_cl,1,W4-17_oxirene,-1,W4-17_clo,-1,W4-17_c2h2,0.02374466,,
HAT707_528,1,W4-17_cl,1,W4-17_oxirane,-1,W4-17_clo,-1,W4-17_c2h4,-0.035027358,,
HAT707_529,1,W4-17_cl,1,W4-17_methanol,-1,W4-17_clo,-1,W4-17_ch4,-0.044031206,,
HAT707_530,1,W4-17_cl,1,W4-17_t-hcoh,-1,W4-17_clo,-1,W4-17_ch2-trip,-0.105639835,,
HAT707_531,1,W4-17_cl,1,W4-17_formic,-1,W4-17_clo,-1,W4-17_t-hcoh,-0.181638684,,
HAT707_532,1,W4-17_cl,1,W4-17_ketene,-1,W4-17_clo,-1,W4-17_ch2c,-0.172236436,,
HAT707_533,1,W4-17_cl,1,W4-17_glyoxal,-1,W4-17_clo,-1,W4-17_oxirene,-0.181001244,,
HAT707_534,1,W4-17_cl,1,W4-17_acetaldehyde,-1,W4-17_clo,-1,W4-17_c2h4,-0.077002818,,
HAT707_535,1,W4-17_cl,1,W4-17_f2co,-1,W4-17_clo,-1,W4-17_cf2,-0.153639108,,
HAT707_536,1,W4-17_cl,1,W4-17_hcof,-1,W4-17_clf,-1,W4-17_hco,-0.098038356,,
HAT707_537,1,W4-17_cl,1,W4-17_h2co,-1,W4-17_clo,-1,W4-17_ch2-trip,-0.188793955,,
HAT707_538,1,W4-17_cl,1,W4-17_hco,-1,W4-17_clo,-1,W4-17_ch,-0.206769778,,
HAT707_539,1,W4-17_cl,1,W4-17_ocs,-1,W4-17_clo,-1,W4-17_cs,-0.156300423,,
HAT707_540,1,W4-17_cl,1,W4-17_co2,-1,W4-17_clo,-1,W4-17_co,-0.103536281,,
HAT707_541,1,W4-17_cl,1,W4-17_sio,-1,W4-17_clo,-1,W4-17_si,-0.203359471,,
HAT707_542,1,W4-17_cl,1,W4-17_co,-1,W4-17_clo,-1,W4-17_c,-0.309604875,,
HAT707_543,1,W4-17_cl,1,W4-17_alcl,-1,W4-17_cl2,-1,W4-17_al,-0.100189718,,
HAT707_544,1,W4-17_cl,1,W4-17_alf,-1,W4-17_alcl,-1,W4-17_f,-0.065592632,,
HAT707_545,1,W4-17_cl,1,W4-17_alf,-1,W4-17_clf,-1,W4-17_al,-0.160921867,,
HAT707_546,1,W4-17_cl,1,W4-17_t-hooo,-1,W4-17_clo,-1,W4-17_hoo,0.012238859,,
HAT707_547,1,W4-17_cl,1,W4-17_o3,-1,W4-17_clo,-1,W4-17_o2,0.061895477,,
HAT707_548,1,W4-17_cl,1,W4-17_hooh,-1,W4-17_clo,-1,W4-17_h2o,0.046740328,,
HAT707_549,1,W4-17_cl,1,W4-17_hoo,-1,W4-17_oh,-1,W4-17_clo,-0.004589572,,
HAT707_550,1,W4-17_cl,1,W4-17_h2o,-1,W4-17_clo,-1,W4-17_h2,-0.092476688,,
HAT707_551,1,W4-17_cl,1,W4-17_c2h3f,-1,W4-17_clf,-1,W4-17_ch2ch,-0.103600025,,
HAT707_552,1,W4-17_cl,1,W4-17_hccf,-1,W4-17_clf,-1,W4-17_cch,-0.110771231,,
HAT707_553,1,W4-17_cl,1,W4-17_cf2,-1,W4-17_clf,-1,W4-17_cf,-0.100811223,,
HAT707_554,1,W4-17_cl,1,W4-17_sif,-1,W4-17_clf,-1,W4-17_si,-0.127344686,,
HAT707_555,1,W4-17_cl,1,W4-17_clcn,-1,W4-17_cl2,-1,W4-17_cn,-0.070676221,,
HAT707_556,1,W4-17_cl,1,W4-17_cf,-1,W4-17_clf,-1,W4-17_c,-0.111424608,,
HAT707_557,1,W4-17_cl,1,W4-17_bf,-1,W4-17_clf,-1,W4-17_b,-0.190785956,,
HAT707_558,1,W4-17_cl,1,W4-17_s2o,-1,W4-17_clo,-1,W4-17_s2,-0.062277942,,
HAT707_559,1,W4-17_cl,1,W4-17_so3,-1,W4-17_clo,-1,W4-17_so2,-0.033274397,,
HAT707_560,1,W4-17_cl,1,W4-17_so2,-1,W4-17_clo,-1,W4-17_so,-0.10949635,,
HAT707_561,1,W4-17_cl,1,W4-17_so,-1,W4-17_clo,-1,W4-17_s,-0.097241556,,
HAT707_562,1,W4-17_cl,1,W4-17_clf,-1,W4-17_cl2,-1,W4-17_f,-0.004860484,,
HAT707_563,1,W4-17_cl,1,W4-17_f2,-1,W4-17_clf,-1,W4-17_f,0.037863969,,
HAT707_564,1,W4-17_cl,1,W4-17_o2,-1,W4-17_clo,-1,W4-17_o,-0.088253644,,
HAT707_565,1,W4-17_oh,1,W4-17_ch3f,-1,W4-17_hof,-1,W4-17_ch3,-0.101416791,,
HAT707_566,1,W4-17_oh,1,W4-17_foof,-1,W4-17_hof,-1,W4-17_fo2,0.053863726,,
HAT707_567,1,W4-17_oh,1,W4-17_foof,-1,W4-17_hoo,-1,W4-17_f2o,0.015521677,,
HAT707_568,1,W4-17_oh,1,W4-17_fo2,-1,W4-17_hoo,-1,W4-17_of,-0.02122677,,
HAT707_569,1,W4-17_oh,1,W4-17_fo2,-1,W4-17_hof,-1,W4-17_o2,0.059839732,,
HAT707_570,1,W4-17_oh,1,W4-17_oclo,-1,W4-17_hoo,-1,W4-17_clo,0.009003848,,
HAT707_571,1,W4-17_oh,1,W4-17_oclo,-1,W4-17_hocl,-1,W4-17_o2,0.082421063,,
HAT707_572,1,W4-17_oh,1,W4-17_cl2o,-1,W4-17_hocl,-1,W4-17_clo,0.036668768,,
HAT707_573,1,W4-17_oh,1,W4-17_cl2o,-1,W4-17_hoo,-1,W4-17_cl2,0.042421669,,
HAT707_574,1,W4-17_oh,1,W4-17_f2o,-1,W4-17_hof,-1,W4-17_of,0.017115279,,
HAT707_575,1,W4-17_oh,1,W4-17_f2o,-1,W4-17_hoo,-1,W4-17_f2,0.021657043,,
HAT707_576,1,W4-17_oh,1,W4-17_hocl,-1,W4-17_hoo,-1,W4-17_hcl,0.015298573,,
HAT707_577,1,W4-17_oh,1,W4-17_hof,-1,W4-17_hoo,-1,W4-17_hf,0.081767686,,
HAT707_578,1,W4-17_oh,1,W4-17_clo,-1,W4-17_hocl,-1,W4-17_o,-0.010246857,,
HAT707_579,1,W4-17_oh,1,W4-17_clo,-1,W4-17_hoo,-1,W4-17_cl,0.004589572,,
HAT707_580,1,W4-17_oh,1,W4-17_of,-1,W4-17_hof,-1,W4-17_o,-0.00259757,,
HAT707_581,1,W4-17_oh,1,W4-17_of,-1,W4-17_hoo,-1,W4-17_f,0.024302421,,
HAT707_582,1,W4-17_oh,1,W4-17_no2,-1,W4-17_hoo,-1,W4-17_no,-0.010852425,,
HAT707_583,1,W4-17_oh,1,W4-17_no2,-1,W4-17_hno,-1,W4-17_o2,-0.013354379,,
HAT707_584,1,W4-17_oh,1,W4-17_n2o,-1,W4-17_hoo,-1,W4-17_n2,0.041369892,,
HAT707_585,1,W4-17_oh,1,W4-17_n2o,-1,W4-17_hno,-1,W4-17_no,-0.030947739,,
HAT707_586,1,W4-17_oh,1,W4-17_t-hono,-1,W4-17_hoo,-1,W4-17_hno,-0.061242101,,
HAT707_587,1,W4-17_oh,1,W4-17_hnco,-1,W4-17_hco,-1,W4-17_hno,-0.090245646,,
HAT707_588,1,W4-17_oh,1,W4-17_hnco,-1,W4-17_hoo,-1,W4-17_hcn,-0.084444937,,
HAT707_589,1,W4-17_oh,1,W4-17_no,-1,W4-17_hno,-1,W4-17_o,-0.08615009,,
HAT707_590,1,W4-17_oh,1,W4-17_no,-1,W4-17_hoo,-1,W4-17_n,-0.134531828,,
HAT707_591,1,W4-17_oh,1,W4-17_oxirene,-1,W4-17_hoo,-1,W4-17_c2h2,0.028334232,,
HAT707_592,1,W4-17_oh,1,W4-17_oxirane,-1,W4-17_hoo,-1,W4-17_c2h4,-0.030453722,,
HAT707_593,1,W4-17_oh,1,W4-17_methanol,-1,W4-17_hoo,-1,W4-17_ch4,-0.03945757,,
HAT707_594,1,W4-17_oh,1,W4-17_t-hcoh,-1,W4-17_hco,-1,W4-17_h2o,0.131806769,,
HAT707_595,1,W4-17_oh,1,W4-17_t-hcoh,-1,W4-17_hoo,-1,W4-17_ch2-trip,-0.101050263,,
HAT707_596,1,W4-17_oh,1,W4-17_formic,-1,W4-17_hoo,-1,W4-17_t-hcoh,-0.177049112,,
HAT707_597,1,W4-17_oh,1,W4-17_formic,-1,W4-17_hco,-1,W4-17_hooh,-0.096572243,,
HAT707_598,1,W4-17_oh,1,W4-17_ketene,-1,W4-17_hoo,-1,W4-17_ch2c,-0.167646864,,
HAT707_599,1,W4-17_oh,1,W4-17_ketene,-1,W4-17_hco,-1,W4-17_h2co,0.021370194,,
HAT707_600,1,W4-17_oh,1,W4-17_glyoxal,-1,W4-17_hoo,-1,W4-17_oxirene,-0.176411672,,
HAT707_601,1,W4-17_oh,1,W4-17_glyoxal,-1,W4-17_hco,-1,W4-17_formic,0.06216639,,
HAT707_602,1,W4-17_oh,1,W4-17_acetaldehyde,-1,W4-17_hco,-1,W4-17_methanol,0.012509771,,
HAT707_603,1,W4-17_oh,1,W4-17_acetaldehyde,-1,W4-17_hoo,-1,W4-17_c2h4,-0.072413246,,
HAT707_604,1,W4-17_oh,1,W4-17_f2co,-1,W4-17_hoo,-1,W4-17_cf2,-0.149049536,,
HAT707_605,1,W4-17_oh,1,W4-17_f2co,-1,W4-17_hco,-1,W4-17_f2o,-0.246434516,,
HAT707_606,1,W4-17_oh,1,W4-17_hcof,-1,W4-17_hof,-1,W4-17_hco,-0.116141668,,
HAT707_607,1,W4-17_oh,1,W4-17_h2co,-1,W4-17_hoo,-1,W4-17_ch2-trip,-0.184204383,,
HAT707_608,1,W4-17_oh,1,W4-17_h2co,-1,W4-17_hco,-1,W4-17_h2o,0.04865265,,
HAT707_609,1,W4-17_oh,1,W4-17_hco,-1,W4-17_hoo,-1,W4-17_ch,-0.202196142,,
HAT707_610,1,W4-17_oh,1,W4-17_cs2,-1,W4-17_hco,-1,W4-17_s2,-0.006868422,,
HAT707_611,1,W4-17_oh,1,W4-17_ocs,-1,W4-17_hoo,-1,W4-17_cs,-0.151710851,,
HAT707_612,1,W4-17_oh,1,W4-17_ocs,-1,W4-17_hco,-1,W4-17_so,-0.059074803,,
HAT707_613,1,W4-17_oh,1,W4-17_co2,-1,W4-17_hoo,-1,W4-17_co,-0.098946709,,
HAT707_614,1,W4-17_oh,1,W4-17_co2,-1,W4-17_hco,-1,W4-17_o2,-0.154738693,,
HAT707_615,1,W4-17_oh,1,W4-17_cs,-1,W4-17_hco,-1,W4-17_s,0,,
HAT707_616,1,W4-17_oh,1,W4-17_sio,-1,W4-17_hoo,-1,W4-17_si,-0.198769899,,
HAT707_617,1,W4-17_oh,1,W4-17_co,-1,W4-17_hco,-1,W4-17_o,-0.139456056,,
HAT707_618,1,W4-17_oh,1,W4-17_co,-1,W4-17_hoo,-1,W4-17_c,-0.305015303,,
HAT707_619,1,W4-17_oh,1,W4-17_hcn,-1,W4-17_hno,-1,W4-17_ch,-0.207980915,,
HAT707_620,1,W4-17_oh,1,W4-17_cn,-1,W4-17_hco,-1,W4-17_n,-0.014565517,,
HAT707_621,1,W4-17_oh,1,W4-17_cn,-1,W4-17_hno,-1,W4-17_c,-0.131743025,,
HAT707_622,1,W4-17_oh,1,W4-17_alcl,-1,W4-17_hocl,-1,W4-17_al,-0.101353047,,
HAT707_623,1,W4-17_oh,1,W4-17_alf,-1,W4-17_hof,-1,W4-17_al,-0.179025178,,
HAT707_624,1,W4-17_oh,1,W4-17_t-hooo,-1,W4-17_hoo,-1,W4-17_hoo,0.01682843,,
HAT707_625,1,W4-17_oh,1,W4-17_o3,-1,W4-17_hoo,-1,W4-17_o2,0.066485049,,
HAT707_626,1,W4-17_oh,1,W4-17_hooh,-1,W4-17_hoo,-1,W4-17_h2o,0.0513299,,
HAT707_627,1,W4-17_oh,1,W4-17_h2o,-1,W4-17_hoo,-1,W4-17_h2,-0.087903052,,
HAT707_628,1,W4-17_oh,1,W4-17_t-n2h2,-1,W4-17_hno,-1,W4-17_nh2,-0.024318357,,
HAT707_629,1,W4-17_oh,1,W4-17_propyne,-1,W4-17_hco,-1,W4-17_c2h4,0.048923562,,
HAT707_630,1,W4-17_oh,1,W4-17_propene,-1,W4-17_hco,-1,W4-17_c2h6,0.037800225,,
HAT707_631,1,W4-17_oh,1,W4-17_c2h3f,-1,W4-17_hof,-1,W4-17_ch2ch,-0.121703337,,
HAT707_632,1,W4-17_oh,1,W4-17_c2h3f,-1,W4-17_hco,-1,W4-17_ch3f,0.033911837,,
HAT707_633,1,W4-17_oh,1,W4-17_c2h4,-1,W4-17_hco,-1,W4-17_ch4,0.045481383,,
HAT707_634,1,W4-17_oh,1,W4-17_ch2ch,-1,W4-17_hco,-1,W4-17_ch3,0.054182447,,
HAT707_635,1,W4-17_oh,1,W4-17_fccf,-1,W4-17_hco,-1,W4-17_cf2,0.071568638,,
HAT707_636,1,W4-17_oh,1,W4-17_hccf,-1,W4-17_hof,-1,W4-17_cch,-0.128858607,,
HAT707_637,1,W4-17_oh,1,W4-17_c2h2,-1,W4-17_hco,-1,W4-17_ch2-trip,-0.06783961,,
HAT707_638,1,W4-17_oh,1,W4-17_ccl2,-1,W4-17_hco,-1,W4-17_cl2,0.087026571,,
HAT707_639,1,W4-17_oh,1,W4-17_cf2,-1,W4-17_hco,-1,W4-17_f2,-0.075743873,,
HAT707_640,1,W4-17_oh,1,W4-17_cf2,-1,W4-17_hof,-1,W4-17_cf,-0.118914534,,
HAT707_641,1,W4-17_oh,1,W4-17_ch2-trip,-1,W4-17_hco,-1,W4-17_h2,0.144953981,,
HAT707_642,1,W4-17_oh,1,W4-17_sif,-1,W4-17_hof,-1,W4-17_si,-0.145432061,,
HAT707_643,1,W4-17_oh,1,W4-17_clcn,-1,W4-17_hocl,-1,W4-17_cn,-0.071823614,,
HAT707_644,1,W4-17_oh,1,W4-17_cf,-1,W4-17_hof,-1,W4-17_c,-0.129527919,,
HAT707_645,1,W4-17_oh,1,W4-17_cf,-1,W4-17_hco,-1,W4-17_f,0.062931318,,
HAT707_646,1,W4-17_oh,1,W4-17_bf,-1,W4-17_hof,-1,W4-17_b,-0.208873332,,
HAT707_647,1,W4-17_oh,1,W4-17_bn3pi,-1,W4-17_hno,-1,W4-17_b,-0.011362378,,
HAT707_648,1,W4-17_oh,1,W4-17_s2o,-1,W4-17_hoo,-1,W4-17_s2,-0.05768837,,
HAT707_649,1,W4-17_oh,1,W4-17_so3,-1,W4-17_hoo,-1,W4-17_so2,-0.028684825,,
HAT707_650,1,W4-17_oh,1,W4-17_so2,-1,W4-17_hoo,-1,W4-17_so,-0.104906778,,
HAT707_651,1,W4-17_oh,1,W4-17_so,-1,W4-17_hoo,-1,W4-17_s,-0.092651984,,
HAT707_652,1,W4-17_oh,1,W4-17_cl2,-1,W4-17_hocl,-1,W4-17_cl,-0.001163329,,
HAT707_653,1,W4-17_oh,1,W4-17_clf,-1,W4-17_hocl,-1,W4-17_f,-0.006023813,,
HAT707_654,1,W4-17_oh,1,W4-17_clf,-1,W4-17_hof,-1,W4-17_cl,-0.018087376,,
HAT707_655,1,W4-17_oh,1,W4-17_f2,-1,W4-17_hof,-1,W4-17_f,0.019760657,,
HAT707_656,1,W4-17_oh,1,W4-17_o2,-1,W4-17_hoo,-1,W4-17_o,-0.083664072,,
HAT707_657,1,W4-17_oh,1,W4-17_n2,-1,W4-17_hno,-1,W4-17_n,-0.206849458,,
HAT707_658,1,W4-17_of,1,W4-17_ch3f,-1,W4-17_f2o,-1,W4-17_ch3,-0.11853207,,
HAT707_659,1,W4-17_of,1,W4-17_foof,-1,W4-17_f2o,-1,W4-17_fo2,0.036748448,,
HAT707_660,1,W4-17_of,1,W4-17_fo2,-1,W4-17_f2o,-1,W4-17_o2,0.042724453,,
HAT707_661,1,W4-17_of,1,W4-17_oclo,-1,W4-17_fo2,-1,W4-17_clo,0.030230618,,
HAT707_662,1,W4-17_of,1,W4-17_cl2o,-1,W4-17_fo2,-1,W4-17_cl2,0.063648439,,
HAT707_663,1,W4-17_of,1,W4-17_f2o,-1,W4-17_fo2,-1,W4-17_f2,0.042883813,,
HAT707_664,1,W4-17_of,1,W4-17_hocl,-1,W4-17_fo2,-1,W4-17_hcl,0.036525343,,
HAT707_665,1,W4-17_of,1,W4-17_hof,-1,W4-17_fo2,-1,W4-17_hf,0.102994457,,
HAT707_666,1,W4-17_of,1,W4-17_clo,-1,W4-17_fo2,-1,W4-17_cl,0.025816342,,
HAT707_667,1,W4-17_of,1,W4-17_of,-1,W4-17_f2o,-1,W4-17_o,-0.019712849,,
HAT707_668,1,W4-17_of,1,W4-17_of,-1,W4-17_fo2,-1,W4-17_f,0.045529191,,
HAT707_669,1,W4-17_of,1,W4-17_no2,-1,W4-17_fo2,-1,W4-17_no,0.010374345,,
HAT707_670,1,W4-17_of,1,W4-17_n2o,-1,W4-17_fo2,-1,W4-17_n2,0.062596662,,
HAT707_671,1,W4-17_of,1,W4-17_t-hono,-1,W4-17_fo2,-1,W4-17_hno,-0.04001533,,
HAT707_672,1,W4-17_of,1,W4-17_hnco,-1,W4-17_fo2,-1,W4-17_hcn,-0.063218166,,
HAT707_673,1,W4-17_of,1,W4-17_no,-1,W4-17_fo2,-1,W4-17_n,-0.113305058,,
HAT707_674,1,W4-17_of,1,W4-17_oxirene,-1,W4-17_fo2,-1,W4-17_c2h2,0.049561003,,
HAT707_675,1,W4-17_of,1,W4-17_oxirane,-1,W4-17_fo2,-1,W4-17_c2h4,-0.009226952,,
HAT707_676,1,W4-17_of,1,W4-17_methanol,-1,W4-17_fo2,-1,W4-17_ch4,-0.0182308,,
HAT707_677,1,W4-17_of,1,W4-17_t-hcoh,-1,W4-17_fo2,-1,W4-17_ch2-trip,-0.079823493,,
HAT707_678,1,W4-17_of,1,W4-17_formic,-1,W4-17_fo2,-1,W4-17_t-hcoh,-0.155822342,,
HAT707_679,1,W4-17_of,1,W4-17_ketene,-1,W4-17_fo2,-1,W4-17_ch2c,-0.146420094,,
HAT707_680,1,W4-17_of,1,W4-17_glyoxal,-1,W4-17_fo2,-1,W4-17_oxirene,-0.155184902,,
HAT707_681,1,W4-17_of,1,W4-17_acetaldehyde,-1,W4-17_fo2,-1,W4-17_c2h4,-0.051186476,,
HAT707_682,1,W4-17_of,1,W4-17_f2co,-1,W4-17_fo2,-1,W4-17_cf2,-0.127822766,,
HAT707_683,1,W4-17_of,1,W4-17_hcof,-1,W4-17_f2o,-1,W4-17_hco,-0.133256947,,
HAT707_684,1,W4-17_of,1,W4-17_h2co,-1,W4-17_fo2,-1,W4-17_ch2-trip,-0.162977612,,
HAT707_685,1,W4-17_of,1,W4-17_hco,-1,W4-17_fo2,-1,W4-17_ch,-0.180969372,,
HAT707_686,1,W4-17_of,1,W4-17_ocs,-1,W4-17_fo2,-1,W4-17_cs,-0.13048408,,
HAT707_687,1,W4-17_of,1,W4-17_co2,-1,W4-17_fo2,-1,W4-17_co,-0.077719939,,
HAT707_688,1,W4-17_of,1,W4-17_sio,-1,W4-17_fo2,-1,W4-17_si,-0.177543129,,
HAT707_689,1,W4-17_of,1,W4-17_co,-1,W4-17_fo2,-1,W4-17_c,-0.283788532,,
HAT707_690,1,W4-17_of,1,W4-17_alf,-1,W4-17_f2o,-1,W4-17_al,-0.196140457,,
HAT707_691,1,W4-17_of,1,W4-17_t-hooo,-1,W4-17_fo2,-1,W4-17_hoo,0.038055201,,
HAT707_692,1,W4-17_of,1,W4-17_o3,-1,W4-17_fo2,-1,W4-17_o2,0.08771182,,
HAT707_693,1,W4-17_of,1,W4-17_hooh,-1,W4-17_fo2,-1,W4-17_h2o,0.07255667,,
HAT707_694,1,W4-17_of,1,W4-17_h2o,-1,W4-17_fo2,-1,W4-17_h2,-0.066676281,,
HAT707_695,1,W4-17_of,1,W4-17_c2h3f,-1,W4-17_f2o,-1,W4-17_ch2ch,-0.138818615,,
HAT707_696,1,W4-17_of,1,W4-17_hccf,-1,W4-17_f2o,-1,W4-17_cch,-0.145973886,,
HAT707_697,1,W4-17_of,1,W4-17_cf2,-1,W4-17_f2o,-1,W4-17_cf,-0.136029813,,
HAT707_698,1,W4-17_of,1,W4-17_sif,-1,W4-17_f2o,-1,W4-17_si,-0.16254734,,
HAT707_699,1,W4-17_of,1,W4-17_cf,-1,W4-17_f2o,-1,W4-17_c,-0.146643198,,
HAT707_700,1,W4-17_of,1,W4-17_bf,-1,W4-17_f2o,-1,W4-17_b,-0.225988611,,
HAT707_701,1,W4-17_of,1,W4-17_s2o,-1,W4-17_fo2,-1,W4-17_s2,-0.036461599,,
HAT707_702,1,W4-17_of,1,W4-17_so3,-1,W4-17_fo2,-1,W4-17_so2,-0.007458054,,
HAT707_703,1,W4-17_of,1,W4-17_so2,-1,W4-17_fo2,-1,W4-17_so,-0.083680008,,
HAT707_704,1,W4-17_of,1,W4-17_so,-1,W4-17_fo2,-1,W4-17_s,-0.071425213,,
HAT707_705,1,W4-17_of,1,W4-17_clf,-1,W4-17_f2o,-1,W4-17_cl,-0.035202654,,
HAT707_706,1,W4-17_of,1,W4-17_f2,-1,W4-17_f2o,-1,W4-17_f,0.002645378,,
HAT707_707,1,W4-17_of,1,W4-17_o2,-1,W4-17_fo2,-1,W4-17_o,-0.062437302,,
ISOMERIZATION20_1,1,W4-17_oclo,-1,W4-17_cloo,-0.002772866,,,,,,
ISOMERIZATION20_2,1,W4-17_t-hono,-1,W4-17_c-hono,-0.000685249,,,,,,
ISOMERIZATION20_3,1,W4-17_hcn,-1,W4-17_hnc,-0.024238677,,,,,,
ISOMERIZATION20_4,1,W4-17_hnco,-1,W4-17_hocn,-0.039314146,,,,,,
ISOMERIZATION20_5,1,W4-17_hnco,-1,W4-17_honc,-0.13480274,,,,,,
ISOMERIZATION20_6,1,W4-17_hnco,-1,W4-17_hcno,-0.111185568,,,,,,
ISOMERIZATION20_7,1,W4-17_hocn,-1,W4-17_honc,-0.095488594,,,,,,
ISOMERIZATION20_8,1,W4-17_hocn,-1,W4-17_hcno,-0.071871422,,,,,,
ISOMERIZATION20_9,1,W4-17_hcno,-1,W4-17_honc,-0.023617172,,,,,,
ISOMERIZATION20_10,1,W4-17_h2co,-1,W4-17_t-hcoh,-0.08315412,,,,,,
ISOMERIZATION20_11,1,W4-17_t-hcoh,-1,W4-17_c-hcoh,-0.007697095,,,,,,
ISOMERIZATION20_12,1,W4-17_c2h2,-1,W4-17_ch2c,-0.072652287,,,,,,
ISOMERIZATION20_13,1,W4-17_t-hooo,-1,W4-17_c-hooo,-0.000334656,,,,,,
ISOMERIZATION20_14,1,W4-17_t-n2h2,-1,W4-17_c-n2h2,-0.008605447,,,,,,
ISOMERIZATION20_15,1,W4-17_propyne,-1,W4-17_allene,-0.002390402,,,,,,
ISOMERIZATION20_16,1,W4-17_formic,-1,W4-17_dioxirane,-0.146404158,,,,,,
ISOMERIZATION20_17,1,W4-17_ketene,-1,W4-17_oxirene,-0.12332881,,,,,,
ISOMERIZATION20_18,1,W4-17_acetaldehyde,-1,W4-17_oxirane,-0.04197546,,,,,,
ISOMERIZATION20_19,1,W4-17_h2cn,-1,W4-17_hcnh,-0.01195201,,,,,,
ISOMERIZATION20_20,1,W4-17_ch2nh2,-1,W4-17_ch3nh,-0.01219105,,,,,,
SN13_1,1,W4-17_ch3f,1,W4-17_h,-1,W4-17_f,-1,W4-17_ch4,-0.004047747,,
SN13_2,1,W4-17_ch2f2,1,W4-17_h,-1,W4-17_f,-1,W4-17_ch3f,-0.023441876,,
SN13_3,1,W4-17_ch3f,1,W4-17_ch3,-1,W4-17_f,-1,W4-17_c2h6,-0.028286424,,
SN13_4,1,W4-17_ch2f2,1,W4-17_ch3,-1,W4-17_f,-1,W4-17_c2h5f,-0.038310177,,
SN13_5,1,W4-17_c2h5f,1,W4-17_ch3,-1,W4-17_f,-1,W4-17_propane,-0.034198685,,
SN13_6,1,W4-17_ch3f,1,W4-17_nh2,-1,W4-17_f,-1,W4-17_ch3nh2,-0.037051232,,
SN13_7,1,W4-17_ch3f,1,W4-17_nh,-1,W4-17_f,-1,W4-17_ch3nh,-0.050086891,,
SN13_8,1,W4-17_ch3f,1,W4-17_oh,-1,W4-17_f,-1,W4-17_methanol,-0.026565335,,
SN13_9,1,W4-17_ch3f,1,W4-17_hco,-1,W4-17_f,-1,W4-17_acetaldehyde,-0.039075106,,
SN13_10,1,W4-17_ch3,1,W4-17_hcof,-1,W4-17_f,-1,W4-17_acetaldehyde,-0.053784046,,
SN13_11,1,W4-17_hcof,1,W4-17_h,-1,W4-17_f,-1,W4-17_h2co,-0.046341928,,
SN13_12,1,W4-17_f2co,1,W4-17_h,-1,W4-17_f,-1,W4-17_hcof,-0.026915927,,
SN13_13,1,W4-17_hcof,1,W4-17_hco,-1,W4-17_f,-1,W4-17_glyoxal,-0.076588482,,
