RefNames,DatasetRefNames,RefValues,PBE0,B3LYP
TAE_W4-17_1,TAE_W4-17,677.8500003,837.6133953,820.8038546
TAE_W4-17_2,TAE_W4-17,803.9700002,1032.514937,1007.127825
TAE_W4-17_3,TAE_W4-17,122.6200001,118.9324778,117.2357613
TAE_W4-17_4,TAE_W4-17,312.6400001,305.5034193,294.5123683
TAE_W4-17_5,TAE_W4-17,163.7900002,156.7466921,159.8881469
TAE_W4-17_6,TAE_W4-17,430.9599997,413.401626,416.9270338
TAE_W4-17_7,TAE_W4-17,73.57999977,68.91567123,72.94058916
TAE_W4-17_8,TAE_W4-17,213.1699999,205.2987786,212.8252572
TAE_W4-17_9,TAE_W4-17,704.0700001,845.0228629,827.1385433
TAE_W4-17_10,TAE_W4-17,766.8550002,908.9623139,890.3841933
TAE_W4-17_11,TAE_W4-17,67.46999986,40.21508594,38.73072796
TAE_W4-17_12,TAE_W4-17,607.0199997,607.6064238,609.838937
TAE_W4-17_13,TAE_W4-17,2.668999717,6.521033763,4.213097989
TAE_W4-17_14,TAE_W4-17,225.2739997,227.5931536,222.7850612
TAE_W4-17_15,TAE_W4-17,309.0990001,304.4481011,308.7158099
TAE_W4-17_16,TAE_W4-17,1368.8,1657.112104,1606.977024
TAE_W4-17_17,TAE_W4-17,993.8649998,1276.360156,1237.379991
TAE_W4-17_18,TAE_W4-17,182.5299999,179.6217475,180.2508492
TAE_W4-17_19,TAE_W4-17,470.96,466.238977,464.3482248
TAE_W4-17_20,TAE_W4-17,84.9799997,80.54469904,83.90632368
TAE_W4-17_21,TAE_W4-17,281.28,279.1563387,285.0778119
TAE_W4-17_22,TAE_W4-17,410.9600003,407.4388982,408.4907853
TAE_W4-17_23,TAE_W4-17,105.24,158.128278,155.5472116
TAE_W4-17_24,TAE_W4-17,105.8100003,155.0185667,152.5553651
TAE_W4-17_25,TAE_W4-17,1057.669,1248.949587,1214.668189
TAE_W4-17_26,TAE_W4-17,317.64,428.9516221,420.7694466
TAE_W4-17_27,TAE_W4-17,312.1700002,519.3137363,503.0066513
TAE_W4-17_28,TAE_W4-17,233.0700002,439.3094665,425.1714609
TAE_W4-17_29,TAE_W4-17,291.0800001,429.6542232,422.3692028
TAE_W4-17_30,TAE_W4-17,147.0299998,210.983099,201.3409984
TAE_W4-17_31,TAE_W4-17,350.5860002,448.275015,424.6592887
TAE_W4-17_32,TAE_W4-17,471.7599999,570.9492382,534.1802358
TAE_W4-17_33,TAE_W4-17,561.3050002,655.2370783,604.8174643
TAE_W4-17_34,TAE_W4-17,378.5159997,472.0857353,455.3585103
TAE_W4-17_35,TAE_W4-17,544.317,637.2070142,621.4845508
TAE_W4-17_36,TAE_W4-17,692.9129999,783.9473841,768.76462
TAE_W4-17_37,TAE_W4-17,590.0659998,687.0458729,665.1018131
TAE_W4-17_38,TAE_W4-17,791.9439998,883.8009634,855.4800947
TAE_W4-17_39,TAE_W4-17,405.5399998,494.7761858,484.9906014
TAE_W4-17_40,TAE_W4-17,573.8700001,665.8147288,653.8812895
TAE_W4-17_41,TAE_W4-17,564.0999999,654.2469207,645.1550903
TAE_W4-17_42,TAE_W4-17,721.4800001,811.3398496,800.2749762
TAE_W4-17_43,TAE_W4-17,713.0400003,802.510851,793.5132576
TAE_W4-17_44,TAE_W4-17,266.1699999,357.0748324,344.4885605
TAE_W4-17_45,TAE_W4-17,177.3199997,225.5899072,212.1806574
TAE_W4-17_46,TAE_W4-17,371.7009997,418.2553099,404.9331291
TAE_W4-17_47,TAE_W4-17,347.0850001,465.5723734,443.6797605
TAE_W4-17_48,TAE_W4-17,345.416,393.2432847,373.2546905
TAE_W4-17_49,TAE_W4-17,315.4190003,363.736863,336.8000159
TAE_W4-17_50,TAE_W4-17,396.0460001,440.7264242,433.7448953
TAE_W4-17_51,TAE_W4-17,132.7099959,179.9682002,174.6746427
TAE_W4-17_52,TAE_W4-17,258.7700003,303.581869,296.3080171
TAE_W4-17_53,TAE_W4-17,392.2369998,440.4032113,420.2878047
TAE_W4-17_54,TAE_W4-17,478.7400002,523.6822819,508.7860152
TAE_W4-17_55,TAE_W4-17,84.2199997,128.1790918,126.3473629
TAE_W4-17_56,TAE_W4-17,181.4399998,221.566228,221.7724285
TAE_W4-17_57,TAE_W4-17,190.7400001,210.0220426,210.4150228
TAE_W4-17_58,TAE_W4-17,359.9200002,450.4064656,441.5710104
TAE_W4-17_59,TAE_W4-17,446.0799998,540.2138535,529.1793619
TAE_W4-17_60,TAE_W4-17,402.8380001,448.4013501,438.8732658
TAE_W4-17_61,TAE_W4-17,437.9350001,481.4891734,475.3093222
TAE_W4-17_62,TAE_W4-17,439.4500001,553.9333883,545.9588867
TAE_W4-17_63,TAE_W4-17,482.2400001,600.8783042,591.7841268
TAE_W4-17_64,TAE_W4-17,307.8699998,353.6431924,350.9584552
TAE_W4-17_65,TAE_W4-17,422.9599998,466.1077165,463.0758107
TAE_W4-17_66,TAE_W4-17,474.6000002,593.0731224,584.2718169
TAE_W4-17_67,TAE_W4-17,582.26,696.2932854,688.4976025
TAE_W4-17_68,TAE_W4-17,539.3029997,625.1767724,618.3895308
TAE_W4-17_69,TAE_W4-17,420.4400002,462.9730806,461.9666979
TAE_W4-17_70,TAE_W4-17,459.5639998,503.9529823,493.73427
TAE_W4-17_71,TAE_W4-17,529.0190001,627.7235156,598.871493
TAE_W4-17_72,TAE_W4-17,59.7500001,59.800157,55.59515002
TAE_W4-17_73,TAE_W4-17,101.43,168.8964105,160.1845777
TAE_W4-17_74,TAE_W4-17,285.42,402.3634439,386.978242
TAE_W4-17_75,TAE_W4-17,383.3780003,500.7646932,481.6493244
TAE_W4-17_76,TAE_W4-17,62.80000007,61.12918666,60.76131452
TAE_W4-17_77,TAE_W4-17,128.5470001,130.6441611,128.3966246
TAE_W4-17_78,TAE_W4-17,186.7940001,189.8903062,182.7329794
TAE_W4-17_79,TAE_W4-17,191.9580001,331.9749213,320.2081708
TAE_W4-17_80,TAE_W4-17,65.44000009,136.3954375,129.842105
TAE_W4-17_81,TAE_W4-17,169.8359999,380.093073,353.8214446
TAE_W4-17_83,TAE_W4-17,149.125,286.1585405,271.9611515
TAE_W4-17_84,TAE_W4-17,181.36,293.57898,283.4332685
TAE_W4-17_85,TAE_W4-17,259.7299999,369.6651186,359.7060185
TAE_W4-17_86,TAE_W4-17,390.1400003,574.6724762,555.5888785
TAE_W4-17_87,TAE_W4-17,172.2100001,256.0989473,245.4564883
TAE_W4-17_88,TAE_W4-17,280.7600002,414.6744388,394.1907839
TAE_W4-17_89,TAE_W4-17,820.8379999,1006.914999,974.792696
TAE_W4-17_90,TAE_W4-17,1150.396,1337.290594,1305.492295
TAE_W4-17_91,TAE_W4-17,1001.542,1190.476516,1158.035204
TAE_W4-17_92,TAE_W4-17,1181.901,1419.258483,1377.37922
TAE_W4-17_93,TAE_W4-17,853.9680002,995.1528025,972.4719253
TAE_W4-17_94,TAE_W4-17,681.9399998,824.4028617,801.4606302
TAE_W4-17_95,TAE_W4-17,737.7180003,883.4763792,859.1879854
TAE_W4-17_96,TAE_W4-17,753.1170003,1054.94112,1016.931851
TAE_W4-17_97,TAE_W4-17,750.0019998,979.69908,951.7229613
TAE_W4-17_98,TAE_W4-17,410.01,591.3355621,573.2748353
TAE_W4-17_99,TAE_W4-17,684.3909997,863.5680076,830.0330472
TAE_W4-17_100,TAE_W4-17,811.2000001,968.2763176,952.1408999
TAE_W4-17_101,TAE_W4-17,39.0499999,34.46597075,36.85529746
TAE_W4-17_102,TAE_W4-17,420.61,536.4652347,519.7801272
TAE_W4-17_103,TAE_W4-17,93.78000017,160.4268301,156.9844965
TAE_W4-17_104,TAE_W4-17,386.0600001,482.0226123,465.1996708
TAE_W4-17_105,TAE_W4-17,215.4269998,354.0151239,343.8819068
TAE_W4-17_106,TAE_W4-17,134.6900001,271.9210952,263.085787
TAE_W4-17_107,TAE_W4-17,152.3399997,288.0510054,280.5254115
TAE_W4-17_108,TAE_W4-17,568.1500001,754.2820908,738.0109555
TAE_W4-17_109,TAE_W4-17,501.8700002,683.6696359,666.568195
TAE_W4-17_110,TAE_W4-17,757.0070001,1056.111379,1023.760442
TAE_W4-17_111,TAE_W4-17,995.1250002,1255.600758,1214.925131
TAE_W4-17_112,TAE_W4-17,635.0500003,863.5603815,839.480619
TAE_W4-17_113,TAE_W4-17,109.4999998,104.4196242,110.3266408
TAE_W4-17_114,TAE_W4-17,512.6540002,678.9495096,661.240328
TAE_W4-17_115,TAE_W4-17,343.71,461.8913556,452.8840757
TAE_W4-17_116,TAE_W4-17,374.6500002,486.5861089,477.9817978
TAE_W4-17_117,TAE_W4-17,274.9699998,417.9213683,409.0527228
TAE_W4-17_118,TAE_W4-17,232.9799997,296.1124681,294.5661855
TAE_W4-17_119,TAE_W4-17,183.9100001,222.8801714,220.5570238
TAE_W4-17_120,TAE_W4-17,398.4500003,491.3135083,477.8328183
TAE_W4-17_121,TAE_W4-17,107.49,105.0438297,105.1587069
TAE_W4-17_122,TAE_W4-17,335.4119999,609.1557101,572.5214291
TAE_W4-17_123,TAE_W4-17,313.4200001,425.9126372,417.3702378
TAE_W4-17_124,TAE_W4-17,336.2099999,454.5492568,445.4213655
TAE_W4-17_125,TAE_W4-17,364.91,554.3750529,536.7808599
TAE_W4-17_126,TAE_W4-17,279.4299999,394.7559794,384.8521972
TAE_W4-17_127,TAE_W4-17,403.7199997,517.5733121,505.4039759
TAE_W4-17_128,TAE_W4-17,141.6399999,136.9184641,139.2960146
TAE_W4-17_129,TAE_W4-17,298.1800002,412.3367889,403.539482
TAE_W4-17_130,TAE_W4-17,434.6799999,623.329103,605.5954154
TAE_W4-17_131,TAE_W4-17,331.7199998,547.7846205,531.5715973
TAE_W4-17_132,TAE_W4-17,205.9000001,341.4078594,333.1308027
TAE_W4-17_133,TAE_W4-17,166.2299999,231.9941885,226.5758219
TAE_W4-17_134,TAE_W4-17,204.289,340.2100256,327.3940551
TAE_W4-17_135,TAE_W4-17,273.1770001,478.304543,454.9708249
TAE_W4-17_136,TAE_W4-17,410.0199999,594.2032864,576.9607873
TAE_W4-17_137,TAE_W4-17,158.6599999,222.8894168,220.7777727
TAE_W4-17_138,TAE_W4-17,350.1100001,535.3725356,518.3814748
TAE_W4-17_139,TAE_W4-17,175.5400002,313.9181501,304.8411967
TAE_W4-17_140,TAE_W4-17,269.0800001,401.1442462,394.1386244
TAE_W4-17_141,TAE_W4-17,87.73000016,129.6600415,126.6059541
TAE_W4-17_142,TAE_W4-17,533.4399999,697.4647696,679.106354
TAE_W4-17_143,TAE_W4-17,513.4699998,624.1442677,616.1181241
TAE_W4-17_144,TAE_W4-17,1302.63,1484.470618,1458.922549
TAE_W4-17_145,TAE_W4-17,1597.309,1825.369563,1791.566639
TAE_W4-17_146,TAE_W4-17,228.4800003,364.6207759,355.9211775
TAE_W4-17_147,TAE_W4-17,224.8200001,367.6158929,359.1629665
TAE_W4-17_148,TAE_W4-17,438.2400002,577.4631232,570.5657282
TAE_W4-17_149,TAE_W4-17,270.8499997,483.8245657,465.7630898
TAE_W4-17_150,TAE_W4-17,471.67,898.7805493,858.7931398
TAE_W4-17_151,TAE_W4-17,501.96,734.6337782,711.2445432
TAE_W4-17_152,TAE_W4-17,83.08999969,99.26918259,101.0888511
TAE_W4-17_153,TAE_W4-17,182.5799998,252.816849,251.233014
TAE_W4-17_154,TAE_W4-17,248.0399999,317.2263063,311.8083688
TAE_W4-17_155,TAE_W4-17,256.4699997,324.8015244,322.8977545
TAE_W4-17_156,TAE_W4-17,359.723,495.4520224,488.4650183
TAE_W4-17_157,TAE_W4-17,298.0099999,364.7517847,364.316066
TAE_W4-17_158,TAE_W4-17,152.7499997,291.8588467,281.7980498
TAE_W4-17_159,TAE_W4-17,227.87,441.3825648,422.9661873
TAE_W4-17_160,TAE_W4-17,120.8199999,221.4497207,212.2917663
TAE_W4-17_161,TAE_W4-17,147.4299997,345.9227604,330.8783066
TAE_W4-17_162,TAE_W4-17,128.0899998,268.6457782,253.0361025
TAE_W4-17_163,TAE_W4-17,335.7300001,495.439507,475.7861901
TAE_W4-17_164,TAE_W4-17,53.06999988,123.0797271,118.9420239
TAE_W4-17_165,TAE_W4-17,107.1999999,174.6959804,171.7599769
TAE_W4-17_166,TAE_W4-17,706.0690003,1015.43398,977.8895089
TAE_W4-17_167,TAE_W4-17,948.139,1156.543451,1127.388097
TAE_W4-17_168,TAE_W4-17,651.49,813.688365,793.0844195
TAE_W4-17_169,TAE_W4-17,456.0300002,617.4007124,597.6947305
TAE_W4-17_170,TAE_W4-17,117.6100002,199.1948094,191.5978247
TAE_W4-17_171,TAE_W4-17,290.5700003,468.9849688,430.833023
TAE_W4-17_172,TAE_W4-17,365.5989999,400.1304073,396.4823633
TAE_W4-17_173,TAE_W4-17,561.5649997,587.6754352,577.8180525
TAE_W4-17_174,TAE_W4-17,242.27,281.3140687,282.6795496
TAE_W4-17_175,TAE_W4-17,1007.89,1143.507494,1126.249803
TAE_W4-17_176,TAE_W4-17,861.5500001,998.9221165,981.4782734
TAE_W4-17_177,TAE_W4-17,705.5700001,843.4431034,825.3208048
TAE_W4-17_178,TAE_W4-17,1072.798,1337.537854,1296.15632
TAE_W4-17_179,TAE_W4-17,104.2499998,168.0551237,157.6102621
TAE_W4-17_180,TAE_W4-17,208.7499997,359.4455161,340.9497603
TAE_W4-17_181,TAE_W4-17,168.3500002,295.0552746,274.8924989
TAE_W4-17_182,TAE_W4-17,234.33,402.4211199,373.2576423
TAE_W4-17_183,TAE_W4-17,485.4249998,516.5002219,496.0879361
TAE_W4-17_184,TAE_W4-17,535.8800003,582.980081,581.9792879
TAE_W4-17_185,TAE_W4-17,142.72,168.782016,166.9025295
TAE_W4-17_186,TAE_W4-17,577.7599999,586.0937214,582.9321891
TAE_W4-17_187,TAE_W4-17,73.92999982,101.2877395,100.341979
TAE_W4-17_188,TAE_W4-17,382.74,400.7038454,403.6355262
TAE_W4-17_189,TAE_W4-17,324.9499998,345.4604284,349.4781609
TAE_W4-17_190,TAE_W4-17,1100.905,1314.275301,1277.910664
TAE_W4-17_191,TAE_W4-17,193.04,281.8736728,276.8877657
TAE_W4-17_192,TAE_W4-17,126.47,208.0736171,200.3103834
TAE_W4-17_193,TAE_W4-17,260.5799998,434.4151068,417.3446521
TAE_W4-17_194,TAE_W4-17,346.8899998,590.2993754,562.4907807
TAE_W4-17_195,TAE_W4-17,165.1399999,251.969227,240.2120601
TAE_W4-17_196,TAE_W4-17,1013.069,1198.96328,1173.382886
TAE_W4-17_197,TAE_W4-17,322.4600001,433.7805812,425.4996329
TAE_W4-17_198,TAE_W4-17,312.6100001,519.6246361,503.7398628
TAE_W4-17_199,TAE_W4-17,233.2699999,438.6770133,425.276963
TAE_W4-17_200,TAE_W4-17,296.4899999,435.1343959,427.7579574
TAE_W4-17_201,TAE_W4-17,793.4889997,992.4237874,950.4156278
TAE_W4-17_202,TAE_W4-17,964.9869998,1200.101268,1156.257329
TAE_W4-17_203,TAE_W4-17,529.3899997,628.3138741,599.5938434
BDE99_1,BDE99,-17.64998594,-16.12991022,-17.43962445
BDE99_2,BDE99,-46.21996317,-41.8915512,-42.64136371
BDE99_3,BDE99,-62.66995006,-132.2503407,-123.1939975
BDE99_6,BDE99,-81.64993494,-148.8413681,-144.1437631
BDE99_7,BDE99,-13.89998892,-50.47137442,-50.79402069
BDE99_8,BDE99,-36.00997131,-32.50097303,-30.34247268
BDE99_9,BDE99,-40.69996757,-37.34710301,-38.04247267
BDE99_10,BDE99,-100.7799197,-95.59875098,-96.73371685
BDE99_11,BDE99,-59.01995297,-57.29820812,-54.81584496
BDE99_12,BDE99,-105.5799159,-99.8096897,-101.8357488
BDE99_13,BDE99,-51.449959,-48.19343642,-49.01779577
BDE99_14,BDE99,-75.13994013,-149.5237181,-141.1681375
BDE99_15,BDE99,-118.0999059,-191.965719,-183.96504
BDE99_16,BDE99,-42.35996625,-119.2037898,-109.8419123
BDE99_17,BDE99,-84.76993246,-78.24207123,-80.77367545
BDE99_18,BDE99,-52.69995801,-53.06980899,-50.18183607
BDE99_19,BDE99,-116.8499069,-118.7578089,-120.1062134
BDE99_20,BDE99,-215.1098286,-313.0676063,-302.4506308
BDE99_21,BDE99,-61.58995093,-67.09757532,-63.1882294
BDE99_22,BDE99,-91.90992677,-154.3948018,-144.8005458
BDE99_23,BDE99,-128.009898,-134.3371145,-128.6354472
BDE99_24,BDE99,-53.13995766,-49.54901267,-51.33275292
BDE99_25,BDE99,-122.7899022,-242.1386768,-232.0419516
BDE99_26,BDE99,-98.41992158,-95.80509496,-93.399692
BDE99_27,BDE99,-131.0498956,-130.9055091,-127.392293
BDE99_28,BDE99,-43.0499657,-39.0246018,-40.64743568
BDE99_29,BDE99,-115.2699082,-114.2176761,-109.9560208
BDE99_30,BDE99,-173.5298617,-247.058304,-237.5353436
BDE99_31,BDE99,-82.98993387,-117.7776084,-108.9853127
BDE99_32,BDE99,-76.25993924,-74.04842268,-69.77622458
BDE99_33,BDE99,-90.56992783,-89.21422354,-84.99320223
BDE99_34,BDE99,-161.849871,-232.8833657,-223.4721101
BDE99_35,BDE99,-124.3199009,-122.8173327,-120.5517787
BDE99_36,BDE99,-95.23992411,-91.83012947,-93.12960062
BDE99_37,BDE99,-183.9098535,-276.5640662,-267.566775
BDE99_38,BDE99,-19.68998431,-25.0908608,-25.14617872
BDE99_39,BDE99,-195.1998445,-266.5768876,-258.5048343
BDE99_40,BDE99,-108.5599135,-158.5754916,-148.7342956
BDE99_41,BDE99,-130.4098961,-205.0073576,-195.88286
BDE99_42,BDE99,-108.9399132,-138.0394126,-130.1360899
BDE99_43,BDE99,-42.82996587,-46.94491593,-45.82524002
BDE99_44,BDE99,-83.65993334,-140.1607474,-132.2245106
BDE99_45,BDE99,-35.18997196,-39.13973411,-38.3129302
BDE99_46,BDE99,-100.0299203,-95.41498114,-96.71347577
BDE99_47,BDE99,-107.6699142,-103.2201629,-104.2257856
BDE99_48,BDE99,-103.1899178,-99.38413153,-100.5375212
BDE99_49,BDE99,-168.9298654,-227.1009824,-217.9851515
BDE99_50,BDE99,-22.82998181,-28.63661954,-28.05112779
BDE99_51,BDE99,-132.0698948,-132.3336573,-133.9369692
BDE99_52,BDE99,-229.1998174,-297.7335455,-291.0228748
BDE99_53,BDE99,-139.339889,-147.4758183,-144.3780061
BDE99_54,BDE99,-96.17992336,-93.22012993,-93.95106966
BDE99_55,BDE99,-57.75995398,-124.7588632,-120.4357664
BDE99_56,BDE99,-5.269995801,-42.53131225,-41.2252198
BDE99_57,BDE99,-85.86993158,-92.75425298,-94.39865639
BDE99_58,BDE99,-26.59997881,-124.4730396,-118.5865403
BDE99_59,BDE99,-93.55992545,-87.22609604,-89.29742777
BDE99_60,BDE99,-54.66995644,-51.75228547,-50.61867062
BDE99_61,BDE99,-77.39993833,-122.3091855,-113.606106
BDE99_62,BDE99,-60.87995149,-83.91410324,-82.60179803
BDE99_63,BDE99,-68.32994555,-139.2221698,-133.0812198
BDE99_64,BDE99,-54.70995641,-92.46842941,-92.54943033
BDE99_65,BDE99,-125.7698998,-121.4164878,-122.8062085
BDE99_66,BDE99,-20.1999839,-83.89466206,-74.56156867
BDE99_67,BDE99,-73.09994175,-71.82942526,-68.09970012
BDE99_68,BDE99,-130.3398961,-236.5960307,-225.5802551
BDE99_69,BDE99,-141.769887,-268.3467103,-258.0741154
BDE99_70,BDE99,-65.46994783,-64.40945728,-60.57535479
BDE99_71,BDE99,-115.429908,-111.9349358,-113.083052
BDE99_72,BDE99,-99.49992072,-153.5476664,-150.1441629
BDE99_73,BDE99,-153.4198778,-184.5943547,-175.15251
BDE99_74,BDE99,-131.5698952,-132.7250787,-129.8737892
BDE99_75,BDE99,-107.6299142,-105.0650706,-101.3404563
BDE99_76,BDE99,-127.8098982,-125.6008753,-124.7019276
BDE99_77,BDE99,-97.33992244,-95.22446626,-91.59634725
BDE99_78,BDE99,-182.6098545,-234.2028354,-224.3250446
BDE99_79,BDE99,-86.14993136,-89.80738793,-87.60835147
BDE99_80,BDE99,-40.55996768,-45.43766769,-44.18876049
BDE99_81,BDE99,-169.1898652,-240.384423,-231.1559876
BDE99_82,BDE99,-132.3098946,-134.2386759,-133.3442579
BDE99_83,BDE99,-181.5298554,-183.1662163,-176.8108126
BDE99_84,BDE99,-139.359889,-137.7013535,-140.5020409
BDE99_85,BDE99,-237.0798111,-238.4180023,-232.2958755
BDE99_86,BDE99,-115.0899083,-112.4645241,-112.1173555
BDE99_87,BDE99,-112.5499103,-109.3298882,-111.0082427
BDE99_88,BDE99,-117.1299067,-143.6211497,-140.5434324
BDE99_89,BDE99,-106.5199151,-81.84295087,-84.06765987
BDE99_90,BDE99,-126.0598996,-123.6136689,-121.6333743
BDE99_91,BDE99,-104.0999171,-108.784464,-103.5449734
BDE99_92,BDE99,-44.44996458,-49.29374652,-39.68331323
BDE99_93,BDE99,-104.5299167,-191.3903924,-183.3394982
BDE99_94,BDE99,-82.31993441,-151.371899,-140.6393768
BDE99_95,BDE99,-86.31993122,-155.8842686,-145.1461286
BDE99_96,BDE99,-134.1598931,-226.3414897,-217.0342687
BDE99_97,BDE99,-65.97994743,-107.3658453,-98.36514337
BDE99_98,BDE99,-25.8499794,-66.31087238,-58.03711818
BDE99_99,BDE99,-55.38995587,-70.59535008,-47.63737349
HAT707_1,HAT707,26.54997884,24.45393999,27.17865908
HAT707_2,HAT707,123.9899012,120.7885539,121.8563901
HAT707_3,HAT707,48.61996126,47.07180508,48.219062
HAT707_4,HAT707,25.55997963,25.85461229,27.61621377
HAT707_5,HAT707,127.7398982,86.44708965,88.5019939
HAT707_6,HAT707,44.52996452,42.44563963,48.56597939
HAT707_7,HAT707,100.1999202,57.8477722,64.41437067
HAT707_8,HAT707,71.48994304,72.54285667,74.81623419
HAT707_9,HAT707,65.49994781,65.59972682,67.17054923
HAT707_10,HAT707,100.9399196,99.57136106,101.2535419
HAT707_11,HAT707,52.46995819,48.73512102,51.63077782
HAT707_12,HAT707,48.47996137,47.74562158,50.34286192
HAT707_13,HAT707,90.18992814,88.72502765,90.27821882
HAT707_14,HAT707,42.04996649,-31.35160781,-24.68339814
HAT707_15,HAT707,41.75996673,38.30054286,41.91787189
HAT707_16,HAT707,88.55992944,13.83873698,20.35399071
HAT707_17,HAT707,54.12995687,51.61625328,52.81795303
HAT707_18,HAT707,32.06997445,25.17226224,30.59183938
HAT707_19,HAT707,-23.95998091,-120.6636615,-109.5855699
HAT707_20,HAT707,64.83994834,55.49219052,61.91806461
HAT707_21,HAT707,-35.0099721,-92.69653645,-82.87618887
HAT707_22,HAT707,0.449999641,-3.520796324,1.150916848
HAT707_23,HAT707,-54.01995696,-106.4373033,-97.80981499
HAT707_24,HAT707,-72.21994246,-129.303941,-119.6543671
HAT707_25,HAT707,-144.6298848,-153.7421518,-146.1172497
HAT707_26,HAT707,-14.10998876,-22.72048539,-16.46520072
HAT707_27,HAT707,-15.58998758,-67.44269641,-60.28197468
HAT707_28,HAT707,-69.6499445,-192.5896641,-180.7091987
HAT707_29,HAT707,-45.53996371,-117.1628663,-110.0380729
HAT707_30,HAT707,56.65995485,52.07145378,59.05584781
HAT707_31,HAT707,19.77998424,15.25453603,23.83064767
HAT707_32,HAT707,14.12998874,13.52479327,17.60855071
HAT707_33,HAT707,-5.279995793,-9.489021282,-4.586084479
HAT707_34,HAT707,-24.51998046,-49.06255819,-43.32463315
HAT707_35,HAT707,-72.20994246,-75.19307432,-69.30858517
HAT707_36,HAT707,10.49999163,7.198811662,12.8501877
HAT707_37,HAT707,-148.5898816,-154.3462979,-146.0822076
HAT707_38,HAT707,-66.31994716,-72.36232362,-65.77536665
HAT707_39,HAT707,-74.57994057,-82.69956896,-74.77719322
HAT707_40,HAT707,-71.81994277,-71.46368868,-70.02591157
HAT707_41,HAT707,-48.97996097,-51.71165383,-46.56506108
HAT707_42,HAT707,-80.13993614,-85.29003584,-78.33836757
HAT707_43,HAT707,-6.559994773,-8.670494276,-3.888787447
HAT707_44,HAT707,-54.64995645,-58.18738532,-51.71213324
HAT707_45,HAT707,-242.6398067,-247.8593129,-236.4482677
HAT707_46,HAT707,17.3199862,14.10113133,18.74423589
HAT707_47,HAT707,-76.70993888,-101.8680859,-95.80679809
HAT707_48,HAT707,-57.45995422,-62.29454895,-57.06824942
HAT707_49,HAT707,-87.98992989,-91.88090726,-86.74485735
HAT707_50,HAT707,-20.8299834,-28.91545012,-22.12834145
HAT707_51,HAT707,-92.30992645,-118.4402233,-110.2331589
HAT707_52,HAT707,-56.31995512,-64.64457937,-58.56972494
HAT707_53,HAT707,-125.0599004,-159.1867981,-149.1284438
HAT707_54,HAT707,11.70999067,3.885653043,10.52578245
HAT707_55,HAT707,-23.20998151,-30.31137726,-24.12288309
HAT707_56,HAT707,-185.0998525,-225.0436637,-216.9497492
HAT707_57,HAT707,-87.99992988,-127.9198555,-119.1091254
HAT707_58,HAT707,-84.48993268,-126.4389058,-118.8505342
HAT707_59,HAT707,-119.1299051,-180.5859333,-176.5457866
HAT707_60,HAT707,-85.8399316,-107.1776925,-105.1277888
HAT707_61,HAT707,-175.5098602,-241.4860268,-233.3586555
HAT707_62,HAT707,-152.5198785,-194.9691382,-187.9460416
HAT707_63,HAT707,-146.0998836,-198.4643629,-189.9340237
HAT707_64,HAT707,-97.12992261,-165.3998882,-157.0859056
HAT707_65,HAT707,-98.24992171,-194.3097974,-182.3444174
HAT707_66,HAT707,13.30998939,11.19949429,16.37557117
HAT707_67,HAT707,-49.04996092,-50.01680655,-44.29517219
HAT707_68,HAT707,-15.11998795,-13.88864808,-12.07705447
HAT707_69,HAT707,-90.20992812,-87.83102088,-86.94755771
HAT707_70,HAT707,-22.13998236,-19.82822804,-20.59213228
HAT707_71,HAT707,49.43996061,49.93711717,51.32421053
HAT707_72,HAT707,80.59993578,50.22294073,53.17343659
HAT707_73,HAT707,71.08994336,69.66420232,72.18753793
HAT707_74,HAT707,10.32999177,7.350855915,12.99984816
HAT707_75,HAT707,38.87996902,35.47381058,38.67875715
HAT707_76,HAT707,-16.26998704,-16.99686356,-12.47956772
HAT707_77,HAT707,-30.84997542,-83.0483643,-75.4360922
HAT707_78,HAT707,-57.28995435,-61.01709101,-53.8183516
HAT707_79,HAT707,-64.27994878,-68.23217374,-61.61765285
HAT707_80,HAT707,13.82998898,11.31758882,14.59408702
HAT707_81,HAT707,-66.70994685,-71.52792055,-64.45811582
HAT707_82,HAT707,-59.45995262,-63.09474829,-56.84102942
HAT707_83,HAT707,-53.98995698,-58.39156938,-51.87354376
HAT707_84,HAT707,-43.07996567,-50.26165152,-42.54429078
HAT707_85,HAT707,9.329992566,2.679788174,5.951756723
HAT707_86,HAT707,-130.559896,-156.5750514,-148.2282156
HAT707_87,HAT707,-33.38997339,-37.61065847,-30.23814447
HAT707_88,HAT707,-135.519892,-140.9368065,-133.1053567
HAT707_89,HAT707,15.57998759,13.3047952,17.66264024
HAT707_90,HAT707,2.969997634,22.57667335,26.25898096
HAT707_91,HAT707,-1.069999147,-31.86355197,-27.60651489
HAT707_92,HAT707,-68.78994519,-67.49427653,-66.56055044
HAT707_93,HAT707,3.399997291,-3.740634258,1.613733446
HAT707_94,HAT707,8.919992893,-43.0497361,-35.37862815
HAT707_95,HAT707,-48.49996136,-51.78910841,-48.32727979
HAT707_96,HAT707,-40.87996743,-42.70328347,-40.95483459
HAT707_97,HAT707,-97.5199223,-99.0770485,-96.3445255
HAT707_98,HAT707,-20.81998341,-74.47386763,-68.64904141
HAT707_99,HAT707,-22.7199819,-55.74938407,-51.46651396
HAT707_100,HAT707,5.409995689,-21.71185755,-14.03342272
HAT707_101,HAT707,2.679997865,-16.69441201,-11.57952131
HAT707_102,HAT707,20.88998335,18.81171174,26.61384829
HAT707_103,HAT707,-111.7799109,-114.7165736,-105.0065199
HAT707_104,HAT707,-26.94997853,-51.64550929,-45.27429175
HAT707_105,HAT707,-52.06995851,-83.30534458,-78.44693163
HAT707_106,HAT707,-38.72996914,-78.41357566,-73.7044293
HAT707_107,HAT707,-19.25998465,-33.37763675,-28.55040652
HAT707_108,HAT707,21.74998267,22.29419619,28.24081075
HAT707_109,HAT707,23.61998118,2.659890592,9.323717256
HAT707_110,HAT707,-16.51998684,-38.39508229,-31.00430793
HAT707_111,HAT707,47.74996195,45.2436727,49.56355685
HAT707_112,HAT707,44.69996438,43.91464304,44.39739235
HAT707_113,HAT707,78.83993718,75.78927741,78.53470006
HAT707_114,HAT707,102.5999182,102.4524933,102.4407171
HAT707_115,HAT707,-13.61998915,-46.75374037,-40.53178942
HAT707_116,HAT707,-145.3898842,-265.3515933,-254.8323264
HAT707_117,HAT707,17.53998602,40.3296131,45.17559572
HAT707_118,HAT707,17.62998595,67.50367609,62.55728723
HAT707_119,HAT707,115.0699083,163.83829,157.2350183
HAT707_120,HAT707,201.1398397,242.0409433,236.1651036
HAT707_121,HAT707,178.0798581,220.8237505,215.5622553
HAT707_122,HAT707,118.8199053,129.4968258,123.8806221
HAT707_123,HAT707,197.049843,237.4147779,236.512021
HAT707_124,HAT707,218.0198263,260.568865,255.1165908
HAT707_125,HAT707,92.01992668,142.6210972,136.6321701
HAT707_126,HAT707,204.9898367,243.7042592,239.5768194
HAT707_127,HAT707,242.7098066,283.6941659,278.2242604
HAT707_128,HAT707,194.2798452,233.2696811,229.8639135
HAT707_129,HAT707,79.64993653,56.88847309,55.73261887
HAT707_130,HAT707,206.6498353,246.5853915,240.7639946
HAT707_131,HAT707,184.5898529,220.1414005,218.537881
HAT707_132,HAT707,74.28994081,73.64613588,72.75884754
HAT707_133,HAT707,217.3598268,250.4613287,249.8641062
HAT707_134,HAT707,63.2499496,101.6132609,99.46822853
HAT707_135,HAT707,152.9698781,191.4483419,189.0969584
HAT707_136,HAT707,44.22996476,87.87249407,84.53460242
HAT707_137,HAT707,26.03997925,65.00585639,62.69005035
HAT707_138,HAT707,138.4098897,172.2486528,171.4808409
HAT707_139,HAT707,82.66993413,126.867101,122.0624427
HAT707_140,HAT707,28.6099772,1.720133271,1.63521874
HAT707_141,HAT707,106.9799148,77.8062719,77.90796869
HAT707_142,HAT707,209.1798333,247.040592,247.0018894
HAT707_143,HAT707,172.2998627,210.2236743,211.7766892
HAT707_144,HAT707,166.6498672,208.4939315,205.5545923
HAT707_145,HAT707,127.999898,145.90658,144.6214084
HAT707_146,HAT707,80.29993602,119.7760639,118.6374564
HAT707_147,HAT707,86.19993132,122.6068146,122.1706749
HAT707_148,HAT707,80.6999357,123.5054496,117.92013
HAT707_149,HAT707,145.9598837,186.298644,184.0572541
HAT707_150,HAT707,97.86992202,136.7817529,136.2339083
HAT707_151,HAT707,8.399993307,57.15086743,54.12286405
HAT707_152,HAT707,75.80993959,93.10105237,92.13924349
HAT707_153,HAT707,64.52994858,103.088231,101.2011842
HAT707_154,HAT707,63.65994928,97.52345569,96.72219274
HAT707_155,HAT707,96.19992335,130.3245589,129.3763166
HAT707_156,HAT707,129.309897,164.657761,163.8231585
HAT707_157,HAT707,66.67994687,87.79144576,82.81825282
HAT707_158,HAT707,-47.84996187,-4.154565491,-7.58960628
HAT707_159,HAT707,97.79992207,137.6384001,135.2261054
HAT707_160,HAT707,-31.05997525,23.22150807,14.78649587
HAT707_161,HAT707,233.1198142,245.192079,241.1194782
HAT707_162,HAT707,223.6098218,264.6333405,260.1335795
HAT707_163,HAT707,94.81992445,133.7897617,131.8503823
HAT707_164,HAT707,191.3998475,230.4429488,226.6247987
HAT707_165,HAT707,136.2498914,177.9722747,175.4664739
HAT707_166,HAT707,67.40994629,111.2614331,106.9083252
HAT707_167,HAT707,4.909996088,54.36732492,49.97271517
HAT707_168,HAT707,0.409999673,45.72952428,41.33038488
HAT707_169,HAT707,6.659994693,56.3545313,53.04126839
HAT707_170,HAT707,-9.98999204,11.18618413,7.772113267
HAT707_171,HAT707,-49.79996032,0.346452633,-5.576206437
HAT707_172,HAT707,75.53993981,138.5604133,130.8779034
HAT707_173,HAT707,89.89992837,104.7270483,104.8171115
HAT707_174,HAT707,155.1998763,178.2747262,176.3665203
HAT707_175,HAT707,173.3998618,213.78085,214.5598899
HAT707_176,HAT707,-27.29997825,11.72233225,13.84401426
HAT707_177,HAT707,125.5698999,143.3236289,142.6717498
HAT707_178,HAT707,32.41997417,43.13356124,40.40360256
HAT707_179,HAT707,45.74996355,48.02533016,45.14610488
HAT707_180,HAT707,133.2598938,161.5915015,159.3956351
HAT707_181,HAT707,106.2299154,148.733102,147.0913449
HAT707_182,HAT707,108.0999139,129.0987964,128.1742514
HAT707_183,HAT707,67.96994584,88.04382352,87.84622625
HAT707_184,HAT707,69.91994429,118.8390135,113.9133282
HAT707_185,HAT707,93.67992536,145.5022294,137.8193453
HAT707_186,HAT707,138.8998893,148.2153979,147.4142522
HAT707_187,HAT707,-47.12996245,-71.04179593,-72.48790896
HAT707_188,HAT707,94.15992497,164.2346714,158.2571349
HAT707_189,HAT707,71.09994335,143.0174786,137.6542867
HAT707_190,HAT707,90.06992823,159.608506,158.6040523
HAT707_191,HAT707,111.0399115,182.7625932,177.2086221
HAT707_192,HAT707,98.00992191,165.8979874,161.6688507
HAT707_193,HAT707,94.01992508,164.9084879,160.3809348
HAT707_194,HAT707,135.7298919,205.887894,200.3162917
HAT707_195,HAT707,87.29993044,155.4634092,151.9559448
HAT707_196,HAT707,99.66992058,168.7791196,162.8560259
HAT707_197,HAT707,77.60993816,142.3351286,140.6299123
HAT707_198,HAT707,121.4299032,144.6879318,145.2467565
HAT707_199,HAT707,110.379912,172.6550568,171.9561375
HAT707_200,HAT707,45.98996336,113.64207,111.1889897
HAT707_201,HAT707,91.3699272,158.91429,157.0225114
HAT707_202,HAT707,73.1699417,136.0476523,135.1779593
HAT707_203,HAT707,-47.49996215,11.65773635,10.96865586
HAT707_204,HAT707,31.42997496,94.44238095,93.57287216
HAT707_205,HAT707,129.7998966,197.9088969,194.5503517
HAT707_206,HAT707,75.73993965,72.7619292,74.1231277
HAT707_207,HAT707,102.1999186,169.2343201,169.0939207
HAT707_208,HAT707,65.30994796,132.4174024,133.8687206
HAT707_209,HAT707,59.65995246,130.6876596,127.6466236
HAT707_210,HAT707,91.84992681,155.9108669,152.4998211
HAT707_211,HAT707,21.00998326,68.10030814,66.71343973
HAT707_212,HAT707,-26.67997874,41.96979201,40.72948772
HAT707_213,HAT707,-51.459959,11.05359028,11.003698
HAT707_214,HAT707,-20.77998344,44.80054271,44.26270624
HAT707_215,HAT707,22.54998203,82.70031924,82.30871236
HAT707_216,HAT707,-26.27997906,45.69917765,40.01216132
HAT707_217,HAT707,48.14996163,113.6882344,110.5208445
HAT707_218,HAT707,16.98998646,80.10985236,78.74753801
HAT707_219,HAT707,38.97996894,108.4923721,106.1492854
HAT707_220,HAT707,-9.109992741,58.97548101,58.32593964
HAT707_221,HAT707,-145.5098841,-82.45942467,-79.36236216
HAT707_222,HAT707,-31.16997516,15.29478047,14.23127479
HAT707_223,HAT707,39.66996839,103.1053393,100.0176562
HAT707_224,HAT707,-42.45996617,25.28195907,23.29321554
HAT707_225,HAT707,4.819996159,46.95966487,46.85274671
HAT707_226,HAT707,-10.77999141,52.51828696,51.46834795
HAT707_227,HAT707,-27.92997775,6.213090074,7.957461801
HAT707_228,HAT707,22.32998221,86.85148907,85.9151898
HAT707_229,HAT707,-87.96992991,-59.64377552,-59.86384362
HAT707_230,HAT707,9.129992725,37.4800327,37.97678022
HAT707_231,HAT707,-40.30996788,9.985173863,4.910284129
HAT707_232,HAT707,-78.37993755,-76.08613863,-76.27274995
HAT707_233,HAT707,-106.9799148,-77.8062719,-77.90796869
HAT707_234,HAT707,-0.709999434,66.88723044,64.89830268
HAT707_235,HAT707,47.12996245,71.04179593,72.48790896
HAT707_236,HAT707,94.97992432,167.0999835,161.3622834
HAT707_237,HAT707,126.1398995,167.3858071,163.2115095
HAT707_238,HAT707,116.6299071,186.8270686,182.2256108
HAT707_239,HAT707,84.41993273,152.6366769,148.71683
HAT707_240,HAT707,29.25997669,100.1660028,97.55850517
HAT707_241,HAT707,114.5399087,182.303229,179.3962342
HAT707_242,HAT707,39.83996826,104.3827972,103.267554
HAT707_243,HAT707,32.84997383,97.16771445,95.46825273
HAT707_244,HAT707,30.41997576,93.87196765,92.62778976
HAT707_245,HAT707,37.66996998,102.3051399,100.2448762
HAT707_246,HAT707,43.13996563,107.0083188,105.2123618
HAT707_247,HAT707,54.04995693,115.1382367,114.5416148
HAT707_248,HAT707,-33.42997336,8.824836758,8.857689947
HAT707_249,HAT707,63.73994921,127.7892297,126.8477611
HAT707_250,HAT707,-38.38996941,24.46308167,23.98054891
HAT707_251,HAT707,100.0999202,187.9765615,183.3448865
HAT707_252,HAT707,48.62996125,113.6107798,108.7586258
HAT707_253,HAT707,-76.69993889,-24.60318087,-27.69548408
HAT707_254,HAT707,122.6699023,209.6022092,203.3658124
HAT707_255,HAT707,48.20996159,100.4684543,98.45855158
HAT707_256,HAT707,66.41994708,135.9745781,136.6519212
HAT707_257,HAT707,18.58998519,65.51735704,64.76378114
HAT707_258,HAT707,26.27997906,83.78522959,81.48766637
HAT707_259,HAT707,31.91997457,70.40912596,69.50628347
HAT707_260,HAT707,38.35996943,114.8034807,113.8246371
HAT707_261,HAT707,-62.00995059,10.615203,6.824668362
HAT707_262,HAT707,35.42997177,106.9498169,101.5023994
HAT707_263,HAT707,62.22995042,93.82554545,88.75085142
HAT707_264,HAT707,39.17996878,72.60835266,68.14800319
HAT707_265,HAT707,58.14995367,89.19938,89.09776881
HAT707_266,HAT707,29.43997654,103.8944645,99.49963233
HAT707_267,HAT707,79.11993696,112.3534672,107.7023387
HAT707_268,HAT707,12.36999014,85.73262408,80.8995512
HAT707_269,HAT707,66.08994734,95.48886139,92.16256724
HAT707_270,HAT707,62.08995053,94.49936195,90.87465134
HAT707_271,HAT707,103.8099173,135.478768,130.8100082
HAT707_272,HAT707,55.37995587,85.05428323,82.44966131
HAT707_273,HAT707,67.74994602,98.36999365,93.34974245
HAT707_274,HAT707,45.68996359,71.92600261,71.1236288
HAT707_275,HAT707,14.0599888,43.23294405,41.68270627
HAT707_276,HAT707,15.62998755,86.15236079,82.89938368
HAT707_277,HAT707,-2.569997952,63.28572312,61.05483161
HAT707_278,HAT707,30.87997539,87.74387498,87.24140581
HAT707_279,HAT707,-0.499999602,24.03325499,24.0665887
HAT707_280,HAT707,54.05995692,125.1469677,120.427224
HAT707_281,HAT707,-31.91997457,-70.40912596,-69.50628347
HAT707_282,HAT707,70.279944,98.82519415,99.58763723
HAT707_283,HAT707,33.38997339,62.0082764,64.36243709
HAT707_284,HAT707,27.7399779,60.27853364,58.14034013
HAT707_285,HAT707,170.2298644,231.9970055,228.7725711
HAT707_286,HAT707,-10.90999131,-2.30881782,-2.792843735
HAT707_287,HAT707,-58.59995331,-28.43933395,-28.77679575
HAT707_288,HAT707,26.91997855,87.13972891,87.27644795
HAT707_289,HAT707,-52.69995801,-25.60858325,-25.24357723
HAT707_290,HAT707,100.9199196,158.7864579,158.5814623
HAT707_291,HAT707,-58.20995362,-24.7099483,-29.49412215
HAT707_292,HAT707,126.5298992,189.774373,186.7935945
HAT707_293,HAT707,95.35992402,156.195991,155.020288
HAT707_294,HAT707,7.059994375,38.0832461,36.64300197
HAT707_295,HAT707,-41.02996731,-11.43364495,-11.18034382
HAT707_296,HAT707,-67.12994651,-6.373286046,-3.089612206
HAT707_297,HAT707,-71.24994323,0.262394345,-1.60975482
HAT707_298,HAT707,-63.08994973,-55.11434549,-55.27500867
HAT707_299,HAT707,118.0399059,179.1914779,176.2904061
HAT707_300,HAT707,-74.37994073,-45.12716689,-46.21306793
HAT707_301,HAT707,17.90998573,49.49812554,51.57608785
HAT707_302,HAT707,83.19993371,123.0458035,123.1254967
HAT707_303,HAT707,-42.69996598,-17.890839,-18.03793552
HAT707_304,HAT707,50.4499598,82.2992287,84.23021175
HAT707_305,HAT707,-9.589992359,16.44236311,16.40890633
HAT707_306,HAT707,87.50993027,113.5661713,114.2495302
HAT707_307,HAT707,-45.74996355,-48.02533016,-45.14610488
HAT707_308,HAT707,-72.22994245,-60.4239521,-64.59599934
HAT707_309,HAT707,-138.8998893,-148.2153979,-147.4142522
HAT707_310,HAT707,-76.44993908,-5.874698763,-9.224825019
HAT707_311,HAT707,78.37993755,76.08613863,76.27274995
HAT707_312,HAT707,-28.6099772,-1.720133271,-1.63521874
HAT707_313,HAT707,52.04995853,89.61306995,90.08000047
HAT707_314,HAT707,-57.16995445,17.46295973,12.60634366
HAT707_315,HAT707,-110.7099118,-33.66696502,-40.946123
HAT707_316,HAT707,63.05994975,96.69085754,91.85599995
HAT707_317,HAT707,94.21992493,96.9766811,93.70522601
HAT707_318,HAT707,84.7099325,116.4179427,112.7193274
HAT707_319,HAT707,49.0699609,85.76443157,86.70427746
HAT707_320,HAT707,52.49995817,82.22755095,79.21054657
HAT707_321,HAT707,-2.659997881,29.75687681,28.0522217
HAT707_322,HAT707,38.79996908,109.5412998,105.2731065
HAT707_323,HAT707,118.2199058,180.4689358,179.5403039
HAT707_324,HAT707,111.2299114,173.2538531,171.7410027
HAT707_325,HAT707,-74.73994045,-2.521148168,-5.759903698
HAT707_326,HAT707,108.7899133,169.9581063,168.9005397
HAT707_327,HAT707,116.0499075,178.3912785,176.5176261
HAT707_328,HAT707,121.5199032,183.0944574,181.4851118
HAT707_329,HAT707,132.4198945,191.2243753,190.8143648
HAT707_330,HAT707,-79.22993687,-11.15894881,-14.40223399
HAT707_331,HAT707,44.94996418,84.91097538,85.1304399
HAT707_332,HAT707,142.1198868,203.8753684,203.1205111
HAT707_333,HAT707,39.98996814,100.5492203,100.2532989
HAT707_334,HAT707,-72.98994184,-0.533941787,-2.691350476
HAT707_335,HAT707,178.4798578,264.0627002,259.6176365
HAT707_336,HAT707,-89.62992858,-45.70228895,-47.9605056
HAT707_337,HAT707,50.33995989,113.0916568,109.9852362
HAT707_338,HAT707,-38.6499692,27.61097355,26.29713158
HAT707_339,HAT707,-79.64993653,-56.88847309,-55.73261887
HAT707_340,HAT707,127.0098988,189.6969184,185.0313757
HAT707_341,HAT707,-129.4398969,-56.54202045,-61.3088253
HAT707_342,HAT707,46.92996261,136.84028,129.2426847
HAT707_343,HAT707,44.14996482,56.7017181,59.67100658
HAT707_344,HAT707,16.28998702,30.05932837,28.95226811
HAT707_345,HAT707,34.49997251,65.56545211,67.14563771
HAT707_346,HAT707,-73.04994179,-36.30299791,-31.30209063
HAT707_347,HAT707,-13.32998938,-4.89176892,-4.742502327
HAT707_348,HAT707,-5.639995506,13.37610363,11.9813829
HAT707_349,HAT707,60.47995181,100.7077718,101.9452401
HAT707_350,HAT707,62.34995032,81.07346625,83.02814656
HAT707_351,HAT707,22.2099823,40.01849336,42.70012137
HAT707_352,HAT707,5.699995458,76.59528051,74.24695499
HAT707_353,HAT707,2.649997888,75.26625085,69.08079049
HAT707_354,HAT707,-9.719992255,61.95054042,58.18070935
HAT707_355,HAT707,14.02998882,88.61375634,82.08672641
HAT707_356,HAT707,-75.73993965,-72.7619292,-74.1231277
HAT707_357,HAT707,-76.0499394,-77.99855334,-75.26205805
HAT707_358,HAT707,21.38998296,18.33606053,19.41567302
HAT707_359,HAT707,-5.50999561,-4.5444482,-4.598891037
HAT707_360,HAT707,-28.56997724,-25.76164099,-25.20173927
HAT707_361,HAT707,25.13997997,-16.00540368,-13.93872322
HAT707_362,HAT707,-9.599992351,-9.170613649,-4.251973644
HAT707_363,HAT707,55.49995578,13.93312916,20.01697832
HAT707_364,HAT707,26.78997865,28.62821363,30.41884184
HAT707_365,HAT707,11.36999094,13.98347354,14.3525962
HAT707_366,HAT707,-1.659998677,-2.881132259,-1.18717521
HAT707_367,HAT707,-5.649995498,-3.870631698,-2.475091114
HAT707_368,HAT707,36.05997127,37.10877437,37.46026578
HAT707_369,HAT707,-2.649997888,-75.26625085,-69.08079049
HAT707_370,HAT707,-12.36999014,-13.31571042,-10.90008114
HAT707_371,HAT707,-14.02998882,-88.61375634,-82.08672641
HAT707_372,HAT707,-22.05998242,-26.44399104,-22.22611365
HAT707_373,HAT707,10.70999147,3.875937238,9.100111577
HAT707_374,HAT707,-53.67995723,-55.1370496,-51.66703618
HAT707_375,HAT707,-96.1299234,-101.9530434,-97.78996993
HAT707_376,HAT707,-68.23994563,-74.33673866,-69.28315375
HAT707_377,HAT707,-99.66992058,-168.7791196,-162.8560259
HAT707_378,HAT707,2.529997984,0.455200502,6.237894773
HAT707_379,HAT707,-34.35997262,-36.36171725,-28.98730536
HAT707_380,HAT707,-40.00996812,-38.09146001,-35.20940232
HAT707_381,HAT707,43.21996556,42.30008712,43.74119531
HAT707_382,HAT707,-78.65993732,-100.6788115,-96.14258619
HAT707_383,HAT707,-126.3498993,-126.8093276,-122.1265382
HAT707_384,HAT707,-100.0899202,-102.5571895,-97.75492779
HAT707_385,HAT707,-120.449904,-123.9785769,-118.5933197
HAT707_386,HAT707,-26.07997922,-30.91046056,-26.44991343
HAT707_387,HAT707,-125.9498996,-123.079942,-122.8438646
HAT707_388,HAT707,-0.479999618,0.077454581,1.762218713
HAT707_389,HAT707,-31.63997479,-33.50092743,-30.01108779
HAT707_390,HAT707,-60.68995164,-60.28674756,-56.70674048
HAT707_391,HAT707,-108.7799133,-109.8036386,-104.5300863
HAT707_392,HAT707,-194.1398453,-196.0702045,-188.1209879
HAT707_393,HAT707,-85.27993205,-88.35136199,-83.69648123
HAT707_394,HAT707,-130.8398957,-153.4843391,-148.6247511
HAT707_395,HAT707,-8.959992861,-10.50544054,-8.740969626
HAT707_396,HAT707,-142.1298868,-143.4971605,-139.5628104
HAT707_397,HAT707,-43.80996509,-66.65111492,-61.90587908
HAT707_398,HAT707,-110.449912,-116.2608326,-111.387678
HAT707_399,HAT707,-76.559939,-107.3976897,-100.801164
HAT707_400,HAT707,-77.33993838,-81.92763054,-76.94083612
HAT707_401,HAT707,-136.5998912,-173.2545553,-168.6224694
HAT707_402,HAT707,-39.49996853,-76.13074709,-70.78184557
HAT707_403,HAT707,-50.33995989,-113.0916568,-109.9852362
HAT707_404,HAT707,-139.9798885,-158.7939457,-157.9457418
HAT707_405,HAT707,-127.0098988,-189.6969184,-185.0313757
HAT707_406,HAT707,-206.6498353,-246.5853915,-240.7639946
HAT707_407,HAT707,-48.62996125,-113.6107798,-108.7586258
HAT707_408,HAT707,41.1599672,37.81421433,42.65238552
HAT707_409,HAT707,-59.81995234,-57.80329112,-56.47444683
HAT707_410,HAT707,-124.7399006,-122.2807214,-123.0328494
HAT707_411,HAT707,-4.689996263,-1.679136111,-1.493742504
HAT707_412,HAT707,26.46997891,-1.393312549,0.355483556
HAT707_413,HAT707,16.95998649,18.04794904,19.3695849
HAT707_414,HAT707,-70.4099439,-68.61311684,-65.29752075
HAT707_415,HAT707,-8.789992996,-9.2279826,-5.491071815
HAT707_416,HAT707,-15.77998743,-16.44306534,-13.29037306
HAT707_417,HAT707,-88.76992927,-91.13490451,-87.84663011
HAT707_418,HAT707,-18.20998549,-19.73881215,-16.13083603
HAT707_419,HAT707,-10.95999127,-11.30563989,-8.513749628
HAT707_420,HAT707,-5.489995626,-6.602460977,-3.546263969
HAT707_421,HAT707,5.419995681,1.527456885,5.782989011
HAT707_422,HAT707,-93.26992568,-99.77270515,-96.4889604
HAT707_423,HAT707,-82.05993461,-104.785943,-99.90093584
HAT707_424,HAT707,15.10998796,14.17844994,18.08913531
HAT707_425,HAT707,-87.01993066,-89.14769813,-84.77807688
HAT707_426,HAT707,51.46995899,74.36578175,74.58626075
HAT707_427,HAT707,-103.6699174,-134.3160453,-130.047232
HAT707_428,HAT707,-41.29996709,-47.6552773,-42.78365891
HAT707_429,HAT707,-93.67992536,-145.5022294,-137.8193453
HAT707_430,HAT707,-143.4798857,-145.1557768,-143.3955517
HAT707_431,HAT707,76.69993889,24.60318087,27.69548408
HAT707_432,HAT707,-51.449959,-68.31066528,-64.39747434
HAT707_433,HAT707,-33.24997351,-32.80454154,-26.20410474
HAT707_434,HAT707,-81.0799354,-103.2617626,-98.09224478
HAT707_435,HAT707,-73.38994152,-84.99389002,-81.36835955
HAT707_436,HAT707,3.04999757,1.329029662,5.166164498
HAT707_437,HAT707,-23.75998107,-26.66321591,-23.90601706
HAT707_438,HAT707,-67.74994602,-98.36999365,-93.34974245
HAT707_439,HAT707,115.0599083,139.4066616,141.5201212
HAT707_440,HAT707,67.87994591,80.44944183,76.76946851
HAT707_441,HAT707,44.81996429,59.23224904,56.16662028
HAT707_442,HAT707,63.78994917,75.82327638,77.11638591
HAT707_443,HAT707,84.75993246,98.97736357,95.72095575
HAT707_444,HAT707,71.72994285,82.11275777,80.18118434
HAT707_445,HAT707,67.73994602,81.12325833,78.89326843
HAT707_446,HAT707,109.4499128,122.1026644,118.8286253
HAT707_447,HAT707,61.01995138,71.6781796,70.46827841
HAT707_448,HAT707,73.38994152,84.99389002,81.36835955
HAT707_449,HAT707,51.3299591,58.54989899,59.1422459
HAT707_450,HAT707,84.09993299,88.86982726,90.46847113
HAT707_451,HAT707,19.7099843,29.85684042,29.70132336
HAT707_452,HAT707,-56.62995488,-25.82229635,-27.00812437
HAT707_453,HAT707,5.149995896,10.65715136,12.0852058
HAT707_454,HAT707,-26.27997906,-83.78522959,-81.48766637
HAT707_455,HAT707,75.91993951,85.44909053,87.60625432
HAT707_456,HAT707,39.0299689,48.63217277,52.38105419
HAT707_457,HAT707,33.3799734,46.90243002,46.15895723
HAT707_458,HAT707,82.71993409,118.4308342,114.5230409
HAT707_459,HAT707,-5.269995801,-15.68492145,-14.77422664
HAT707_460,HAT707,-52.9599578,-41.81543757,-40.75817865
HAT707_461,HAT707,-60.58995172,-26.42644242,-26.97308222
HAT707_462,HAT707,-47.0599625,-38.98468688,-37.22496013
HAT707_463,HAT707,13.40998931,45.22028654,44.33193214
HAT707_464,HAT707,-52.55995812,-38.08605193,-41.47550505
HAT707_465,HAT707,39.01996891,76.20820167,72.54406428
HAT707_466,HAT707,7.859993737,42.62981966,40.77075778
HAT707_467,HAT707,12.69998988,24.70714247,24.66161907
HAT707_468,HAT707,-35.3899718,-24.80974857,-23.16172673
HAT707_469,HAT707,-154.6398768,-119.9394574,-117.3391424
HAT707_470,HAT707,-57.44995422,-68.49044911,-67.25639157
HAT707_471,HAT707,30.52997567,65.62530655,62.04087594
HAT707_472,HAT707,-68.73994523,-58.50327052,-58.19445083
HAT707_473,HAT707,-4.309996566,9.479632173,8.875966488
HAT707_474,HAT707,-37.05997047,-31.26694262,-30.01931842
HAT707_475,HAT707,28.22997751,42.28073534,41.53009039
HAT707_476,HAT707,-3.949996853,3.066259484,4.427523429
HAT707_477,HAT707,-97.09992263,-97.12380821,-97.84062384
HAT707_478,HAT707,-67.96994584,-88.04382352,-87.84622625
HAT707_479,HAT707,-66.58994694,-73.80005572,-76.57738224
HAT707_480,HAT707,-87.50993027,-113.5661713,-114.2495302
HAT707_481,HAT707,-133.2598938,-161.5915015,-159.3956351
HAT707_482,HAT707,-9.129992725,-37.4800327,-37.97678022
HAT707_483,HAT707,29.82997623,49.59457658,47.37987911
HAT707_484,HAT707,68.69994526,83.31475391,79.87461705
HAT707_485,HAT707,99.85992043,83.60057748,81.72384311
HAT707_486,HAT707,90.34992801,103.0418391,100.7379444
HAT707_487,HAT707,2.979997626,16.38077318,16.0708388
HAT707_488,HAT707,30.70997553,66.90276449,65.29077375
HAT707_489,HAT707,23.7199811,59.68768176,57.49147251
HAT707_490,HAT707,21.28998304,56.39193495,54.65100954
HAT707_491,HAT707,28.53997726,64.82510721,62.26809594
HAT707_492,HAT707,34.0099729,69.52828612,67.2355816
HAT707_493,HAT707,44.90996422,77.65820398,76.56483458
HAT707_494,HAT707,-42.55996609,-28.65519594,-29.11909028
HAT707_495,HAT707,54.60995649,90.30919703,88.87098088
HAT707_496,HAT707,-47.51996214,-13.01695103,-13.99623132
HAT707_497,HAT707,90.96992752,150.4965288,145.3681063
HAT707_498,HAT707,39.49996853,76.13074709,70.78184557
HAT707_499,HAT707,21.93998252,16.68322474,16.97088521
HAT707_500,HAT707,40.13996802,52.18934848,55.16425481
HAT707_501,HAT707,-95.2599241,-76.32149128,-74.00221199
HAT707_502,HAT707,-7.689993873,-18.26787255,-16.72388523
HAT707_503,HAT707,-35.54997167,-44.91026228,-47.44262369
HAT707_504,HAT707,-22.2099823,-40.01849336,-42.70012137
HAT707_505,HAT707,38.26996951,60.68927848,59.24511869
HAT707_506,HAT707,40.13996802,41.05497289,40.32802519
HAT707_507,HAT707,5.639995506,-13.37610363,-11.9813829
HAT707_508,HAT707,-52.28995834,-51.33533742,-51.35604099
HAT707_509,HAT707,45.14996402,44.99927644,43.32169008
HAT707_510,HAT707,6.859994534,8.771262223,6.301190103
HAT707_511,HAT707,-16.19998709,-12.44593057,-14.30165813
HAT707_512,HAT707,48.89996104,10.65781224,9.967293836
HAT707_513,HAT707,2.769997793,4.145096774,6.648107497
HAT707_514,HAT707,52.44995821,12.60409949,14.85081382
HAT707_515,HAT707,23.73998108,27.29918397,25.25267734
HAT707_516,HAT707,22.0899824,23.78208366,22.71884185
HAT707_517,HAT707,10.70999147,10.43457816,9.71290593
HAT707_518,HAT707,6.719994645,9.445078725,8.424990026
HAT707_519,HAT707,48.42996141,50.42448479,48.36034693
HAT707_520,HAT707,-5.699995458,-76.59528051,-74.24695499
HAT707_521,HAT707,9.719992255,-61.95054042,-58.18070935
HAT707_522,HAT707,-9.689992279,-13.12828062,-11.32603251
HAT707_523,HAT707,23.07998161,17.19164766,20.00019272
HAT707_524,HAT707,-41.30996708,-41.82133918,-40.76695504
HAT707_525,HAT707,-55.86995548,-61.02102824,-58.38307261
HAT707_526,HAT707,-87.29993044,-155.4634092,-151.9559448
HAT707_527,HAT707,14.89998813,13.77091092,17.13797591
HAT707_528,HAT707,-21.97998249,-23.04600683,-18.08722422
HAT707_529,HAT707,-27.62997798,-24.77574959,-24.30932118
HAT707_530,HAT707,-66.28994718,-87.36310105,-85.24250505
HAT707_531,HAT707,-113.9799092,-113.4936172,-111.2264571
HAT707_532,HAT707,-108.0799139,-110.6628665,-107.6932385
HAT707_533,HAT707,-113.5799095,-109.7642315,-111.9437835
HAT707_534,HAT707,-48.3199615,-46.97103713,-45.80665934
HAT707_535,HAT707,-96.40992318,-96.48792817,-93.63000513
HAT707_536,HAT707,-61.51995098,-61.68814608,-59.79046417
HAT707_537,HAT707,-118.4699056,-140.1686287,-137.72467
HAT707_538,HAT707,-129.7498966,-130.1814501,-128.6627292
HAT707_539,HAT707,-98.07992185,-102.9451222,-100.4875968
HAT707_540,HAT707,-64.96994823,-68.61192012,-66.04075498
HAT707_541,HAT707,-127.6098983,-145.4782353,-147.0456606
HAT707_542,HAT707,-194.2798452,-233.2696811,-229.8639135
HAT707_543,HAT707,-62.86994991,-59.13232078,-61.64061133
HAT707_544,HAT707,-41.1599672,-37.81421433,-42.65238552
HAT707_545,HAT707,-100.9799195,-95.61750545,-99.12683235
HAT707_546,HAT707,7.679993881,11.63657431,9.406338636
HAT707_547,HAT707,38.83996905,11.92239787,11.2555647
HAT707_548,HAT707,29.32997663,31.36365946,30.26966604
HAT707_549,HAT707,-2.879997705,-2.826732278,-3.239114738
HAT707_550,HAT707,-58.02995376,-55.29740642,-54.39743961
HAT707_551,HAT707,-65.0099482,-64.47168859,-63.94061305
HAT707_552,HAT707,-69.50994461,-73.10948924,-72.58294334
HAT707_553,HAT707,-63.25994959,-62.48448221,-60.87205983
HAT707_554,HAT707,-79.90993633,-107.6528294,-106.141215
HAT707_555,HAT707,-44.34996466,-48.98430696,-47.94982341
HAT707_556,HAT707,-69.91994429,-118.8390135,-113.9133282
HAT707_557,HAT707,-119.7199046,-118.4925609,-119.4895347
HAT707_558,HAT707,-39.07996886,-54.99495486,-53.4973932
HAT707_559,HAT707,-20.87998336,-19.48883112,-15.3040236
HAT707_560,HAT707,-68.70994525,-89.94605215,-87.19216364
HAT707_561,HAT707,-61.01995138,-71.6781796,-70.46827841
HAT707_562,HAT707,-3.04999757,-1.329029662,-5.166164498
HAT707_563,HAT707,23.75998107,26.66321592,23.90601706
HAT707_564,HAT707,-55.37995587,-85.05428323,-82.44966131
HAT707_565,HAT707,-63.63994929,-64.27108766,-63.09955974
HAT707_566,HAT707,33.79997307,32.06352621,31.57817132
HAT707_567,HAT707,9.739992239,11.5979945,9.540304841
HAT707_568,HAT707,-13.31998939,-9.619198288,-11.06254339
HAT707_569,HAT707,37.54997008,-2.277938,-1.776224917
HAT707_570,HAT707,5.649995498,6.971829052,9.887222235
HAT707_571,HAT707,51.71995879,10.10215062,14.07150875
HAT707_572,HAT707,23.00998167,24.79723509,24.47337228
HAT707_573,HAT707,26.61997879,30.12591624,28.49179208
HAT707_574,HAT707,10.73999144,10.84633342,10.97532309
HAT707_575,HAT707,13.58998917,13.26131044,12.95202067
HAT707_576,HAT707,9.599992351,12.271811,11.66410476
HAT707_577,HAT707,51.30995912,53.25121707,51.59946166
HAT707_578,HAT707,-6.429994877,-79.09722939,-75.02626005
HAT707_579,HAT707,2.879997705,2.826732278,3.239114738
HAT707_580,HAT707,-1.629998701,-74.88629066,-69.9242281
HAT707_581,HAT707,15.24998785,16.1424427,14.13919588
HAT707_582,HAT707,-6.809994574,-10.30154834,-8.086917775
HAT707_583,HAT707,-8.379993323,-53.22096508,-49.30359518
HAT707_584,HAT707,25.95997932,20.01837994,23.23930746
HAT707_585,HAT707,-19.41998453,-25.25384005,-22.59421419
HAT707_586,HAT707,-38.42996938,-38.9946069,-37.52784031
HAT707_587,HAT707,-56.62995488,-61.86124458,-59.37239238
HAT707_588,HAT707,-52.98995778,-58.19429596,-55.14395788
HAT707_589,HAT707,-54.05995692,-125.1469677,-120.427224
HAT707_590,HAT707,-84.41993273,-152.6366769,-148.71683
HAT707_591,HAT707,17.77998583,16.5976432,20.37709065
HAT707_592,HAT707,-19.10998477,-20.21927455,-14.84810948
HAT707_593,HAT707,-24.75998027,-21.94901731,-21.07020644
HAT707_594,HAT707,82.7099341,82.39188598,82.15877287
HAT707_595,HAT707,-63.40994947,-84.53636877,-82.00339031
HAT707_596,HAT707,-111.0999115,-110.6668849,-107.9873423
HAT707_597,HAT707,-60.59995171,-62.46539065,-59.33735023
HAT707_598,HAT707,-105.1999162,-107.8361342,-104.4541238
HAT707_599,HAT707,13.40998931,9.181338302,11.96766413
HAT707_600,HAT707,-110.6999118,-106.9374993,-108.7046687
HAT707_601,HAT707,39.00996892,40.16925344,40.17979627
HAT707_602,HAT707,7.849993745,6.590871423,8.406489772
HAT707_603,HAT707,-45.43996379,-44.14430485,-42.5675446
HAT707_604,HAT707,-93.52992548,-93.6611959,-90.3908904
HAT707_605,HAT707,-154.6398768,-155.9784056,-149.7034104
HAT707_606,HAT707,-72.87994193,-74.62389632,-71.53398292
HAT707_607,HAT707,-115.5899079,-137.3418964,-134.4855552
HAT707_608,HAT707,30.52997567,29.58635832,29.67660793
HAT707_609,HAT707,-126.8798989,-127.3547178,-125.4236145
HAT707_610,HAT707,-4.309996566,-26.55931606,-23.48830152
HAT707_611,HAT707,-95.19992414,-100.1183899,-97.24848209
HAT707_612,HAT707,-37.06997046,-67.30589086,-62.38358643
HAT707_613,HAT707,-62.08995053,-65.78518784,-62.80164024
HAT707_614,HAT707,-97.09992263,-133.1627565,-130.2048919
HAT707_615,HAT707,0,-36.03894824,-32.36426801
HAT707_616,HAT707,-124.7299006,-142.651503,-143.8065459
HAT707_617,HAT707,-87.50993027,-149.6051196,-146.6137982
HAT707_618,HAT707,-191.3998475,-230.4429488,-226.6247987
HAT707_619,HAT707,-130.509896,-131.0216665,-129.652049
HAT707_620,HAT707,-9.139992717,-73.51898094,-70.34104823
HAT707_621,HAT707,-82.66993413,-126.867101,-122.0624427
HAT707_622,HAT707,-63.59994932,-61.63426966,-62.41991639
HAT707_623,HAT707,-112.3399105,-108.5532557,-110.8703511
HAT707_624,HAT707,10.55999159,14.46330659,12.64545337
HAT707_625,HAT707,41.71996676,14.74913015,14.49467943
HAT707_626,HAT707,32.20997434,34.19039174,33.50878078
HAT707_627,HAT707,-55.15995605,-52.47067414,-51.15832487
HAT707_628,HAT707,-15.25998784,-15.6056679,-15.15411752
HAT707_629,HAT707,30.69997554,30.86381626,32.92650574
HAT707_630,HAT707,23.7199811,23.64873352,25.1272045
HAT707_631,HAT707,-76.36993915,-77.40743883,-75.6841318
HAT707_632,HAT707,21.27998304,20.35298671,22.28674153
HAT707_633,HAT707,28.53997726,28.78615897,29.90382793
HAT707_634,HAT707,33.99997291,33.48933788,34.87131359
HAT707_635,HAT707,44.90996422,41.61925574,44.20056657
HAT707_636,HAT707,-80.85993557,-86.04523947,-84.32646209
HAT707_637,HAT707,-42.56996608,-64.69414418,-61.48335829
HAT707_638,HAT707,54.60995649,54.27024879,56.50671287
HAT707_639,HAT707,-47.52996213,-49.05589927,-46.36049933
HAT707_640,HAT707,-74.61994054,-75.42023245,-72.61557858
HAT707_641,HAT707,90.95992752,114.4575806,113.0038383
HAT707_642,HAT707,-91.25992728,-120.5885796,-117.8847337
HAT707_643,HAT707,-45.06996409,-51.48625584,-48.72912847
HAT707_644,HAT707,-81.27993524,-131.7747638,-125.656847
HAT707_645,HAT707,39.48996853,40.09179886,38.41757756
HAT707_646,HAT707,-131.0698956,-131.4283111,-131.2330534
HAT707_647,HAT707,-7.129994319,11.69331233,8.815460716
HAT707_648,HAT707,-36.19997116,-52.16822258,-50.25827846
HAT707_649,HAT707,-17.99998566,-16.66209884,-12.06490886
HAT707_650,HAT707,-65.82994755,-87.11931987,-83.9530489
HAT707_651,HAT707,-58.13995367,-68.85144732,-67.22916367
HAT707_652,HAT707,-0.729999418,-2.501948878,-0.779305065
HAT707_653,HAT707,-3.779996988,-3.83097854,-5.945469563
HAT707_654,HAT707,-11.34999096,-12.93575024,-11.74351875
HAT707_655,HAT707,12.39999012,13.72746568,12.1624983
HAT707_656,HAT707,-52.49995817,-82.22755095,-79.21054657
HAT707_657,HAT707,-129.7998966,-197.9088969,-194.5503517
HAT707_658,HAT707,-74.37994073,-75.11742108,-74.07488284
HAT707_659,HAT707,23.05998163,21.21719279,20.60284823
HAT707_660,HAT707,26.80997864,-13.12427142,-12.75154801
HAT707_661,HAT707,18.96998488,16.59102734,20.94976562
HAT707_662,HAT707,39.93996818,39.74511453,39.55433547
HAT707_663,HAT707,26.90997856,22.88050873,24.01456406
HAT707_664,HAT707,22.91998174,21.89100929,22.72664815
HAT707_665,HAT707,64.6299485,62.87041536,62.66200505
HAT707_666,HAT707,16.19998709,12.44593057,14.30165813
HAT707_667,HAT707,-12.36999014,-85.73262408,-80.8995512
HAT707_668,HAT707,28.56997724,25.76164099,25.20173927
HAT707_669,HAT707,6.509994813,-0.682350049,2.975625612
HAT707_670,HAT707,39.2799687,29.63757823,34.30185084
HAT707_671,HAT707,-25.10997999,-29.37540861,-26.46529692
HAT707_672,HAT707,-39.66996839,-48.57509768,-44.08141449
HAT707_673,HAT707,-71.09994335,-143.0174786,-137.6542867
HAT707_674,HAT707,31.09997522,26.21684149,31.43963404
HAT707_675,HAT707,-5.789995387,-10.60007626,-3.785566095
HAT707_676,HAT707,-11.43999088,-12.32981902,-10.00766306
HAT707_677,HAT707,-50.08996009,-74.91717048,-70.94084692
HAT707_678,HAT707,-97.77992209,-101.0476866,-96.92479893
HAT707_679,HAT707,-91.87992679,-98.21693591,-93.39158041
HAT707_680,HAT707,-97.37992241,-97.31830097,-97.64212534
HAT707_681,HAT707,-32.11997441,-34.52510657,-31.50500121
HAT707_682,HAT707,-80.20993609,-84.04199761,-79.32834701
HAT707_683,HAT707,-83.61993337,-85.47022974,-82.50930602
HAT707_684,HAT707,-102.2699185,-127.7226981,-123.4230119
HAT707_685,HAT707,-113.5599095,-117.7355196,-114.3610711
HAT707_686,HAT707,-81.87993476,-90.49919166,-86.18593871
HAT707_687,HAT707,-48.76996114,-56.16598955,-51.73909685
HAT707_688,HAT707,-111.4099112,-133.0323048,-132.7440025
HAT707_689,HAT707,-178.0798581,-220.8237505,-215.5622553
HAT707_690,HAT707,-123.0799019,-119.3995891,-121.8456742
HAT707_691,HAT707,23.87998097,24.08250488,23.70799676
HAT707_692,HAT707,55.03995614,24.36832844,25.55722282
HAT707_693,HAT707,45.52996372,43.80959002,44.57132416
HAT707_694,HAT707,-41.83996666,-42.85147586,-40.09578148
HAT707_695,HAT707,-87.10993059,-88.25377225,-86.6594549
HAT707_696,HAT707,-91.59992701,-96.89157289,-95.30178519
HAT707_697,HAT707,-85.35993199,-86.26656587,-83.59090167
HAT707_698,HAT707,-101.9999187,-131.434913,-128.8600568
HAT707_699,HAT707,-92.01992668,-142.6210972,-136.6321701
HAT707_700,HAT707,-141.809887,-142.2746445,-142.2083765
HAT707_701,HAT707,-22.87998177,-42.5490243,-39.19573507
HAT707_702,HAT707,-4.679996271,-7.042900552,-1.002365477
HAT707_703,HAT707,-52.50995816,-77.50012158,-72.89050551
HAT707_704,HAT707,-44.81996429,-59.23224904,-56.16662028
HAT707_705,HAT707,-22.0899824,-23.78208366,-22.71884185
HAT707_706,HAT707,1.659998677,2.881132259,1.18717521
HAT707_707,HAT707,-39.17996878,-72.60835266,-68.14800319
ISOMERIZATION20_2,ISOMERIZATION20,-0.429999657,-0.310899776,-0.733211429
ISOMERIZATION20_3,ISOMERIZATION20,-15.20998788,-13.57584835,-13.8307558
ISOMERIZATION20_4,ISOMERIZATION20,-24.66998034,-29.12581662,-28.63462805
ISOMERIZATION20_5,ISOMERIZATION20,-84.5899326,-87.95656733,-87.21394055
ISOMERIZATION20_6,ISOMERIZATION20,-69.76994441,-68.95405006,-68.81455547
ISOMERIZATION20_7,ISOMERIZATION20,-59.91995226,-58.83075071,-58.5793125
ISOMERIZATION20_8,ISOMERIZATION20,-45.09996406,-39.82823344,-40.17992742
ISOMERIZATION20_9,ISOMERIZATION20,-14.81998819,-19.00251727,-18.39938508
ISOMERIZATION20_10,ISOMERIZATION20,-52.17995842,-52.80552767,-52.48216494
ISOMERIZATION20_11,ISOMERIZATION20,-4.829996151,-4.828959126,-4.730186285
ISOMERIZATION20_12,ISOMERIZATION20,-45.58996367,-44.36972024,-43.41959097
ISOMERIZATION20_13,ISOMERIZATION20,-0.209999833,0.632453182,-0.105502158
ISOMERIZATION20_14,ISOMERIZATION20,-5.399995697,-5.480172647,-5.388754588
ISOMERIZATION20_15,ISOMERIZATION20,-1.499998805,1.579759448,1.817738465
ISOMERIZATION20_16,ISOMERIZATION20,-91.8699268,-92.33407381,-93.29335964
ISOMERIZATION20_17,ISOMERIZATION20,-77.38993834,-80.06405716,-81.41162348
ISOMERIZATION20_18,ISOMERIZATION20,-26.33997901,-23.9250303,-27.71943512
ISOMERIZATION20_19,ISOMERIZATION20,-7.499994024,-7.34209887,-7.462710192
ISOMERIZATION20_20,ISOMERIZATION20,-7.649993904,-7.80518181,-7.512309826
SN13_1,SN13,-2.539997976,-3.134635853,-1.109112798
SN13_2,SN13,-14.70998828,-15.38145691,-12.23351149
SN13_3,SN13,-17.74998586,-17.24005782,-20.52100826
SN13_4,SN13,-24.03998084,-23.79251616,-25.99280114
SN13_5,SN13,-21.4599829,-21.47554812,-24.98362856
SN13_6,SN13,-23.24998147,-22.63128009,-25.81122219
SN13_7,SN13,-31.42997496,27.69622335,20.10715511
SN13_8,SN13,-16.66998672,-16.65942912,-18.71766351
SN13_9,SN13,-24.51998046,-23.25030055,-27.12415328
SN13_10,SN13,-33.74997311,-33.6031092,-35.55857646
SN13_11,SN13,-29.07997683,-30.98720327,-27.42217807
SN13_12,SN13,-16.88998654,-18.89192259,-14.37615134
SN13_13,SN13,-48.05996171,-48.76891006,-50.77555411
